-- phpMyAdmin SQL Dump
-- version 4.7.4
-- https://www.phpmyadmin.net/
--
-- Host: localhost
-- Generation Time: Nov 26, 2017 at 11:55 PM
-- Server version: 10.1.28-MariaDB
-- PHP Version: 7.1.11

SET SQL_MODE = "NO_AUTO_VALUE_ON_ZERO";
SET AUTOCOMMIT = 0;
START TRANSACTION;
SET time_zone = "+00:00";


/*!40101 SET @OLD_CHARACTER_SET_CLIENT=@@CHARACTER_SET_CLIENT */;
/*!40101 SET @OLD_CHARACTER_SET_RESULTS=@@CHARACTER_SET_RESULTS */;
/*!40101 SET @OLD_COLLATION_CONNECTION=@@COLLATION_CONNECTION */;
/*!40101 SET NAMES utf8mb4 */;

--
-- Database: `eapi`
--

-- --------------------------------------------------------

--
-- Table structure for table `migrations`
--

CREATE TABLE `migrations` (
  `id` int(10) UNSIGNED NOT NULL,
  `migration` varchar(191) COLLATE utf8mb4_unicode_ci NOT NULL,
  `batch` int(11) NOT NULL
) ENGINE=InnoDB DEFAULT CHARSET=utf8mb4 COLLATE=utf8mb4_unicode_ci;

--
-- Dumping data for table `migrations`
--

INSERT INTO `migrations` (`id`, `migration`, `batch`) VALUES
(1, '2014_10_12_000000_create_users_table', 1),
(2, '2014_10_12_100000_create_password_resets_table', 1),
(3, '2017_11_26_221214_create_products_table', 1),
(4, '2017_11_26_221238_create_reviews_table', 1);

-- --------------------------------------------------------

--
-- Table structure for table `password_resets`
--

CREATE TABLE `password_resets` (
  `email` varchar(191) COLLATE utf8mb4_unicode_ci NOT NULL,
  `token` varchar(191) COLLATE utf8mb4_unicode_ci NOT NULL,
  `created_at` timestamp NULL DEFAULT NULL
) ENGINE=InnoDB DEFAULT CHARSET=utf8mb4 COLLATE=utf8mb4_unicode_ci;

-- --------------------------------------------------------

--
-- Table structure for table `products`
--

CREATE TABLE `products` (
  `id` int(10) UNSIGNED NOT NULL,
  `name` varchar(191) COLLATE utf8mb4_unicode_ci NOT NULL,
  `details` text COLLATE utf8mb4_unicode_ci NOT NULL,
  `price` int(11) NOT NULL,
  `stock` int(11) NOT NULL,
  `discount` int(11) NOT NULL,
  `created_at` timestamp NULL DEFAULT NULL,
  `updated_at` timestamp NULL DEFAULT NULL
) ENGINE=InnoDB DEFAULT CHARSET=utf8mb4 COLLATE=utf8mb4_unicode_ci;

--
-- Dumping data for table `products`
--

INSERT INTO `products` (`id`, `name`, `details`, `price`, `stock`, `discount`, `created_at`, `updated_at`) VALUES
(1, 'quia', 'Sed consequatur sunt assumenda odio incidunt ad molestias quam. Illum aliquam nihil excepturi omnis sint architecto. Distinctio reiciendis omnis quidem dicta corrupti.', 308, 7, 22, '2017-11-26 20:53:11', '2017-11-26 20:53:11'),
(2, 'qui', 'Ipsa aut consequatur dolore ratione voluptates nihil. Voluptatem laudantium eveniet labore quod aliquid. Sit possimus tempore omnis sed hic.', 271, 6, 22, '2017-11-26 20:53:11', '2017-11-26 20:53:11'),
(3, 'voluptas', 'Commodi consectetur hic quas ea fuga possimus. Nemo aut repellat rerum dolore voluptas.', 226, 8, 10, '2017-11-26 20:53:11', '2017-11-26 20:53:11'),
(4, 'autem', 'Officia quisquam debitis nihil aut dolorum aut aperiam. Soluta necessitatibus a nemo et quam at. Quisquam dolore atque officia. Voluptatem similique est voluptates a est maiores.', 110, 1, 12, '2017-11-26 20:53:11', '2017-11-26 20:53:11'),
(5, 'rem', 'Et dolorem saepe enim. Et aut id explicabo ad nisi doloremque ea quis.', 920, 3, 16, '2017-11-26 20:53:11', '2017-11-26 20:53:11'),
(6, 'dicta', 'Voluptatibus et et vel laborum quis provident. Sed quis est fugit quis. Nemo sed autem nobis accusantium. Et aut odio eius illum similique veritatis nostrum.', 557, 8, 4, '2017-11-26 20:53:11', '2017-11-26 20:53:11'),
(7, 'cupiditate', 'Non natus qui incidunt nisi voluptatem. Nobis recusandae aperiam consequuntur enim earum voluptas voluptatem. Molestiae quo repellendus alias atque et. Natus fugiat et et sequi non modi.', 612, 6, 11, '2017-11-26 20:53:11', '2017-11-26 20:53:11'),
(8, 'dolores', 'Beatae vitae et illum commodi sunt aut ex ullam. Impedit distinctio perferendis et et. Quis quia amet nostrum illo. Sequi deserunt voluptate et sed quo dignissimos ut.', 255, 2, 30, '2017-11-26 20:53:11', '2017-11-26 20:53:11'),
(9, 'esse', 'Est et veniam ut qui sit. Vero veritatis rem vitae odit aliquam. Eum quia sint alias doloremque. Dicta explicabo neque temporibus et nam fugit et.', 634, 7, 25, '2017-11-26 20:53:11', '2017-11-26 20:53:11'),
(10, 'aut', 'Et tempore numquam tenetur reprehenderit et. Distinctio ut voluptatem exercitationem quis eveniet dolores excepturi. Qui sunt ex minima quia.', 805, 6, 15, '2017-11-26 20:53:11', '2017-11-26 20:53:11'),
(11, 'odit', 'Itaque et cupiditate quam. Molestiae voluptatibus et dolore doloremque voluptatem fugiat. Libero sunt et est repellat dicta rerum id.', 182, 4, 27, '2017-11-26 20:53:11', '2017-11-26 20:53:11'),
(12, 'consequatur', 'Rem placeat inventore qui voluptatem labore. Nostrum deserunt et ut esse magni porro. Corrupti fugiat ea omnis distinctio. Architecto dicta consequuntur error qui aut non iure.', 707, 0, 28, '2017-11-26 20:53:11', '2017-11-26 20:53:11'),
(13, 'nisi', 'Voluptatem ea eaque similique sint architecto. Perferendis quia et at omnis eum sunt. Dolorum quidem et illo hic ducimus vitae beatae.', 529, 8, 2, '2017-11-26 20:53:11', '2017-11-26 20:53:11'),
(14, 'impedit', 'A est consequuntur nihil nisi placeat provident qui. Asperiores cupiditate aut consequuntur inventore dolore. Magnam magni dolores quaerat itaque tenetur est. Perferendis facilis aut saepe ut temporibus adipisci.', 871, 0, 30, '2017-11-26 20:53:11', '2017-11-26 20:53:11'),
(15, 'nobis', 'Voluptatem fugiat itaque nostrum expedita suscipit. Dolores dolor est doloribus distinctio saepe ad. Ut aspernatur voluptatem qui quibusdam.', 592, 7, 9, '2017-11-26 20:53:11', '2017-11-26 20:53:11'),
(16, 'ea', 'Eius dolor sint nihil sunt natus rerum. Magni est officia tempore ratione recusandae cumque consequatur. Voluptas sit et optio. Quo maxime doloribus et animi aut atque.', 210, 0, 20, '2017-11-26 20:53:11', '2017-11-26 20:53:11'),
(17, 'consequatur', 'Cumque rerum nihil voluptates enim aut enim explicabo. Aliquid saepe sunt et eos ad cum. Natus atque officia dolore eaque et. Doloremque vitae quibusdam quam facere. Quia cumque voluptatem adipisci sapiente.', 142, 4, 16, '2017-11-26 20:53:11', '2017-11-26 20:53:11'),
(18, 'quia', 'Optio voluptas blanditiis eos et. Rerum quis dicta nisi earum cumque. Praesentium et eius occaecati nisi. Veritatis omnis est rerum ab ducimus molestiae voluptatem qui. Tenetur recusandae illum officia doloribus.', 146, 7, 15, '2017-11-26 20:53:11', '2017-11-26 20:53:11'),
(19, 'et', 'Est similique laudantium consequatur aut facilis alias in. In voluptatibus quam sint asperiores beatae. Voluptas neque est animi magni libero. Officia numquam error voluptates velit explicabo.', 839, 7, 7, '2017-11-26 20:53:11', '2017-11-26 20:53:11'),
(20, 'veritatis', 'Assumenda ipsa consequuntur occaecati porro quia officiis quis. Vel ut tempore quia est voluptatem quasi perspiciatis. Veritatis hic aut qui veritatis. Odio ut enim consequatur omnis accusantium aperiam. Qui dignissimos at voluptas ea.', 107, 0, 14, '2017-11-26 20:53:11', '2017-11-26 20:53:11'),
(21, 'eaque', 'Aut quaerat ex dolores molestias nostrum aut est. Ut voluptas dolores aperiam sit ut at amet itaque. Fuga fuga ut quos.', 246, 0, 9, '2017-11-26 20:53:11', '2017-11-26 20:53:11'),
(22, 'et', 'Quia eligendi doloribus aut error sit. Reiciendis ea at iusto ut excepturi voluptatem et placeat. Temporibus laboriosam quia non. Nesciunt aut id reprehenderit praesentium impedit libero.', 175, 8, 3, '2017-11-26 20:53:11', '2017-11-26 20:53:11'),
(23, 'quod', 'Iure cupiditate qui sint placeat nihil dolor quis facere. Architecto hic ut quo id officiis cum odio. Quam cum sint velit qui animi consequatur architecto.', 250, 6, 27, '2017-11-26 20:53:11', '2017-11-26 20:53:11'),
(24, 'distinctio', 'Et eum in consequatur nesciunt facere. Laborum rerum ullam quod voluptas ut tempora. Magni omnis officiis sunt itaque aliquid quidem qui. Ullam consequatur quo quisquam maxime laudantium. Repellat voluptatibus laudantium recusandae.', 168, 3, 15, '2017-11-26 20:53:11', '2017-11-26 20:53:11'),
(25, 'ut', 'Et ratione architecto voluptas doloribus est dolor. Laborum deserunt voluptatem omnis optio in debitis. Ut hic illum fugiat officiis sed. Omnis consequuntur illo mollitia sed ut est.', 869, 1, 7, '2017-11-26 20:53:11', '2017-11-26 20:53:11'),
(26, 'blanditiis', 'Maiores ut quia eveniet ex voluptatibus ut veritatis voluptate. Voluptatum itaque ut earum fugit saepe ipsum dolore quasi. Voluptas delectus assumenda numquam nemo et. Aut et dolorem eos.', 187, 9, 6, '2017-11-26 20:53:11', '2017-11-26 20:53:11'),
(27, 'similique', 'Accusamus enim dolorem culpa debitis iste non repellat. Tenetur quia facere autem nobis minima aut. Et distinctio nesciunt voluptatem eos non iste. Molestias a optio voluptatibus maxime ad qui.', 429, 7, 4, '2017-11-26 20:53:11', '2017-11-26 20:53:11'),
(28, 'sunt', 'Dolores architecto numquam sit dolor molestias enim. Explicabo similique est tenetur unde est esse. Ut ipsa adipisci dolor ut doloribus et. Nemo repellat modi incidunt velit deserunt cumque.', 388, 2, 10, '2017-11-26 20:53:11', '2017-11-26 20:53:11'),
(29, 'ut', 'Ut voluptatem est ut deserunt repellat ut rerum. Itaque ipsam maiores necessitatibus est iste architecto.', 731, 4, 18, '2017-11-26 20:53:11', '2017-11-26 20:53:11'),
(30, 'molestiae', 'Nesciunt nam rem cupiditate cupiditate. Dolorem reiciendis itaque sequi dolor rerum. Sunt fugit et sit et molestiae quas quas.', 491, 9, 27, '2017-11-26 20:53:11', '2017-11-26 20:53:11'),
(31, 'tempora', 'Aut ut amet consequatur soluta at. Illum quis incidunt omnis libero. Qui aliquam et laudantium dolor dolorem atque et.', 126, 2, 3, '2017-11-26 20:53:11', '2017-11-26 20:53:11'),
(32, 'velit', 'Placeat sit ut dolores provident reprehenderit. Sunt laborum enim accusantium tempora. Vero accusamus praesentium unde nesciunt facilis.', 876, 1, 19, '2017-11-26 20:53:11', '2017-11-26 20:53:11'),
(33, 'et', 'Quasi error voluptatem ut dolor nihil. Aspernatur et ratione temporibus necessitatibus molestias et culpa. At ratione ea ut error vel. Quia similique dignissimos vero et.', 567, 0, 9, '2017-11-26 20:53:11', '2017-11-26 20:53:11'),
(34, 'et', 'Ut non dolore cumque aut tenetur ut. Nostrum dolor odit suscipit porro iste. Culpa dolorem et aut sit ex modi dignissimos provident. Voluptas ut nihil et aut minus.', 975, 5, 15, '2017-11-26 20:53:11', '2017-11-26 20:53:11'),
(35, 'accusantium', 'Earum excepturi qui est velit et suscipit qui ut. Et ullam sunt amet similique ex similique.', 273, 2, 29, '2017-11-26 20:53:11', '2017-11-26 20:53:11'),
(36, 'et', 'Voluptas repellendus qui fugiat sunt quae nobis aut. Tempore neque est quasi inventore quis quam maiores. Et nostrum ipsam aliquam dignissimos enim nesciunt ullam hic. Velit praesentium commodi deleniti asperiores autem asperiores rerum.', 214, 2, 22, '2017-11-26 20:53:11', '2017-11-26 20:53:11'),
(37, 'praesentium', 'A sit non iure cum eaque sed impedit. Deserunt aut suscipit explicabo error enim. Est consequuntur tempora consectetur iure amet delectus aperiam.', 940, 3, 8, '2017-11-26 20:53:11', '2017-11-26 20:53:11'),
(38, 'qui', 'Maxime porro ea voluptates rerum. Voluptas voluptatibus totam enim et accusamus et assumenda. Rerum non quis amet et ex consequatur nesciunt. Id quia quos cum nihil laborum accusantium qui sint.', 868, 7, 25, '2017-11-26 20:53:11', '2017-11-26 20:53:11'),
(39, 'quos', 'Totam quod quis ipsam eum quo asperiores totam. Rerum non voluptas ea rerum. Minima dolor est saepe et.', 904, 4, 27, '2017-11-26 20:53:11', '2017-11-26 20:53:11'),
(40, 'aperiam', 'Ut saepe ut et dolores vel quia. Modi quo quia ea quaerat. Repudiandae quo autem blanditiis unde culpa.', 991, 6, 16, '2017-11-26 20:53:11', '2017-11-26 20:53:11'),
(41, 'nesciunt', 'Id tenetur nam qui quia quibusdam cumque. Illum et aut explicabo voluptas ea ipsa excepturi aliquam. Sunt ea recusandae sed dignissimos nesciunt inventore quo et. Aliquam deleniti quae voluptas est error sunt.', 629, 7, 21, '2017-11-26 20:53:11', '2017-11-26 20:53:11'),
(42, 'sed', 'Quae rerum aut dolor nisi quisquam aut. Tenetur nulla adipisci et qui sed cum. Dolor hic est nihil.', 159, 5, 28, '2017-11-26 20:53:11', '2017-11-26 20:53:11'),
(43, 'odit', 'Odio doloribus exercitationem quasi. Magni qui hic natus qui. Sint quis omnis voluptatum vel voluptatem. Vero maxime est deserunt ut. Dolorem molestias placeat facilis.', 570, 1, 11, '2017-11-26 20:53:11', '2017-11-26 20:53:11'),
(44, 'omnis', 'Consequuntur qui et perspiciatis molestiae quos quidem similique. Eos et sapiente tempore provident temporibus tempora minima. Excepturi sint omnis excepturi eaque eveniet aperiam assumenda commodi.', 710, 4, 28, '2017-11-26 20:53:11', '2017-11-26 20:53:11'),
(45, 'velit', 'Odio voluptatem non soluta eum suscipit quo qui. Facilis molestias alias molestiae. Nisi dolore velit ratione facilis autem recusandae.', 251, 6, 9, '2017-11-26 20:53:11', '2017-11-26 20:53:11'),
(46, 'laborum', 'Reiciendis sapiente consectetur sint animi. Impedit quia assumenda blanditiis atque at necessitatibus. Explicabo velit sit commodi est.', 813, 3, 17, '2017-11-26 20:53:11', '2017-11-26 20:53:11'),
(47, 'qui', 'Id labore est ut distinctio sunt explicabo. Provident vitae consequuntur quia fuga. Corrupti ducimus in natus non adipisci recusandae eos.', 599, 8, 6, '2017-11-26 20:53:11', '2017-11-26 20:53:11'),
(48, 'quidem', 'Nemo et repudiandae est harum quis iusto inventore. Officia velit asperiores sunt et dolore. Explicabo iusto velit eligendi sunt voluptate tenetur.', 840, 7, 4, '2017-11-26 20:53:11', '2017-11-26 20:53:11'),
(49, 'ut', 'Vel perferendis id voluptates nesciunt. A et quia aliquam molestiae et.', 411, 9, 5, '2017-11-26 20:53:11', '2017-11-26 20:53:11'),
(50, 'rerum', 'Incidunt eius neque voluptates minima minus. Quia maxime voluptatem maxime et. Qui excepturi et dolorem officia non. Doloremque hic odit vel dolorum iste vero mollitia cum.', 643, 3, 29, '2017-11-26 20:53:11', '2017-11-26 20:53:11');

-- --------------------------------------------------------

--
-- Table structure for table `reviews`
--

CREATE TABLE `reviews` (
  `id` int(10) UNSIGNED NOT NULL,
  `product_id` int(10) UNSIGNED NOT NULL,
  `customer` varchar(191) COLLATE utf8mb4_unicode_ci NOT NULL,
  `review` text COLLATE utf8mb4_unicode_ci NOT NULL,
  `star` int(11) NOT NULL,
  `created_at` timestamp NULL DEFAULT NULL,
  `updated_at` timestamp NULL DEFAULT NULL
) ENGINE=InnoDB DEFAULT CHARSET=utf8mb4 COLLATE=utf8mb4_unicode_ci;

--
-- Dumping data for table `reviews`
--

INSERT INTO `reviews` (`id`, `product_id`, `customer`, `review`, `star`, `created_at`, `updated_at`) VALUES
(1, 9, 'Clay Huels', 'Eaque sunt est dolorum qui. Aut quidem et aut recusandae ducimus non. Non et sed quibusdam alias dolorem labore.', 0, '2017-11-26 20:53:12', '2017-11-26 20:53:12'),
(2, 6, 'Cooper Pagac', 'Enim mollitia autem nesciunt consequatur ut voluptatem nihil. Culpa praesentium dicta quibusdam neque iure mollitia molestiae. Vero iure quia est sequi.', 1, '2017-11-26 20:53:12', '2017-11-26 20:53:12'),
(3, 28, 'Moises Daugherty', 'Qui ut inventore enim fuga. Commodi quas debitis aut est voluptatem. Odit eaque et et eum eos. Et laudantium eum rerum tempore ipsa quae harum.', 4, '2017-11-26 20:53:12', '2017-11-26 20:53:12'),
(4, 42, 'Cheyenne Gaylord', 'Neque vel qui est omnis. Qui ex mollitia eaque sit laudantium unde minima est. Illo placeat alias quo est.', 2, '2017-11-26 20:53:12', '2017-11-26 20:53:12'),
(5, 50, 'Ayla O\'Conner', 'Porro maxime id sapiente rem. Cum eum cumque sed quas fugiat. Sed error dolore dolorem commodi. Sit at rem animi quo autem quia omnis doloribus.', 5, '2017-11-26 20:53:12', '2017-11-26 20:53:12'),
(6, 49, 'Jaylen Boyle III', 'Est dolorem voluptate beatae consequatur error illum id eius. Est animi est provident quam laudantium quas nesciunt. Incidunt rem omnis sunt reiciendis qui perferendis. Non nemo architecto architecto nesciunt.', 4, '2017-11-26 20:53:12', '2017-11-26 20:53:12'),
(7, 49, 'Jennyfer O\'Hara', 'Omnis nihil repellat in ut nisi odio inventore. Nobis ipsum eos minus doloribus eveniet eligendi. Deserunt assumenda minima repudiandae ipsum odio alias.', 0, '2017-11-26 20:53:12', '2017-11-26 20:53:12'),
(8, 19, 'Prof. Emile Skiles PhD', 'Perspiciatis repudiandae sed fugit facere. Eum veniam sit et quis molestiae fugiat. Reprehenderit animi eligendi ut ullam eius magnam.', 3, '2017-11-26 20:53:12', '2017-11-26 20:53:12'),
(9, 11, 'Marcus Durgan DVM', 'Qui voluptatum aut odit sequi facilis et et. Et ut est esse distinctio qui blanditiis voluptatem nihil. Ipsam ut cumque temporibus porro. Non cum sit minus enim iste eum qui.', 3, '2017-11-26 20:53:12', '2017-11-26 20:53:12'),
(10, 48, 'Kobe Heathcote IV', 'Amet nobis qui eos eum repellendus corporis. Et pariatur aut fugiat unde facere.', 0, '2017-11-26 20:53:12', '2017-11-26 20:53:12'),
(11, 20, 'Shyann Predovic', 'Autem qui eum voluptates odit expedita labore. Est eum laborum sed quo cupiditate. Ut id sequi consequuntur quia totam omnis. Impedit quae harum laboriosam rem. Vel voluptatibus illum sint corrupti.', 5, '2017-11-26 20:53:12', '2017-11-26 20:53:12'),
(12, 48, 'Dr. Cordelia Lang', 'Voluptatem molestiae necessitatibus qui corporis doloremque id esse a. Velit et atque est natus quia. Consequatur esse officia id.', 3, '2017-11-26 20:53:12', '2017-11-26 20:53:12'),
(13, 28, 'Mr. Amparo Volkman', 'Quia excepturi molestiae vel ut. Iusto et qui vel voluptas. Voluptatibus assumenda repudiandae assumenda.', 4, '2017-11-26 20:53:12', '2017-11-26 20:53:12'),
(14, 7, 'Brandon Zulauf', 'Reprehenderit veniam maiores velit qui adipisci ut. Explicabo iste neque vero labore provident eius. Maiores et qui unde.', 0, '2017-11-26 20:53:12', '2017-11-26 20:53:12'),
(15, 11, 'Jermaine Hegmann', 'Cum eos adipisci totam saepe consequuntur voluptate. Labore suscipit eos sequi eum.', 4, '2017-11-26 20:53:12', '2017-11-26 20:53:12'),
(16, 43, 'Rubie Littel', 'Et voluptatibus qui nesciunt et. Omnis fuga aut alias enim dicta dolor. Ea nisi velit quo non odio iusto consequatur qui. Voluptatibus perspiciatis minus et et perspiciatis.', 2, '2017-11-26 20:53:12', '2017-11-26 20:53:12'),
(17, 33, 'Miss Lia Lebsack III', 'Reiciendis est facere ut et libero nihil molestiae est. Quibusdam commodi dolore illum facilis. Quia necessitatibus maxime similique dicta neque. Qui nam iusto non et.', 3, '2017-11-26 20:53:12', '2017-11-26 20:53:12'),
(18, 41, 'Mrs. Kelsi Bruen', 'Labore quidem enim voluptatem necessitatibus maxime beatae qui repellendus. Aliquam et ad dolore et eius. Et placeat ab et nihil. Maiores vitae consequuntur est aliquid numquam labore quia.', 0, '2017-11-26 20:53:12', '2017-11-26 20:53:12'),
(19, 27, 'Tanya Padberg V', 'Autem et pariatur est. Non reiciendis in quibusdam. Enim vero ut voluptas id libero dolorum dolorem nemo.', 1, '2017-11-26 20:53:12', '2017-11-26 20:53:12'),
(20, 26, 'Brenna Connelly', 'Reiciendis qui dolor eum ea. Excepturi earum nihil deleniti error fuga saepe.', 4, '2017-11-26 20:53:12', '2017-11-26 20:53:12'),
(21, 30, 'Liliana Howe MD', 'Voluptatem voluptatem quibusdam adipisci. Voluptatem totam necessitatibus similique harum totam voluptatum. Ea consequatur eaque sit ea aut vero.', 1, '2017-11-26 20:53:12', '2017-11-26 20:53:12'),
(22, 7, 'Dakota Armstrong', 'Voluptas et et et. Aut eos facere iste qui quia vel deleniti. Dolorem aut eveniet veritatis eaque.', 0, '2017-11-26 20:53:12', '2017-11-26 20:53:12'),
(23, 19, 'Miss Lenore Luettgen', 'Qui consequatur esse non blanditiis ipsam est ea. Et reprehenderit nesciunt nisi et dolor nisi. Quod fuga vel id voluptas nemo animi.', 3, '2017-11-26 20:53:12', '2017-11-26 20:53:12'),
(24, 42, 'Judy Collins', 'Voluptate porro recusandae nobis consectetur voluptatem rerum vero. Totam aut eum qui voluptatem et nisi illo. Rem in officia id molestiae. Eum error expedita voluptatum distinctio incidunt est voluptatem.', 5, '2017-11-26 20:53:12', '2017-11-26 20:53:12'),
(25, 44, 'Gregoria Herzog', 'Rem ad veniam deleniti sunt minus. Asperiores consectetur doloribus odio eaque ab consectetur. Numquam animi itaque id molestias dolores sed. Molestiae assumenda quos quia omnis ut quod voluptas quibusdam.', 0, '2017-11-26 20:53:12', '2017-11-26 20:53:12'),
(26, 11, 'Prof. Alex O\'Hara DDS', 'Voluptas consequatur autem sapiente ipsa reiciendis. Ratione assumenda mollitia in possimus quaerat asperiores voluptatem. Qui qui sit aperiam repellat sequi est et.', 3, '2017-11-26 20:53:12', '2017-11-26 20:53:12'),
(27, 50, 'Dr. Granville Spencer', 'Porro ea culpa reprehenderit assumenda voluptas voluptas facilis. Libero eaque et tempore commodi necessitatibus voluptas non. Numquam harum voluptatem labore.', 1, '2017-11-26 20:53:12', '2017-11-26 20:53:12'),
(28, 42, 'Casimir Morar', 'Consequatur velit provident dolor veritatis in hic aut eos. Mollitia vitae molestias quidem maiores sapiente.', 2, '2017-11-26 20:53:12', '2017-11-26 20:53:12'),
(29, 27, 'Anita Wiegand V', 'Nostrum culpa eveniet error sed est. Sit omnis animi libero dolor et itaque. Soluta omnis voluptatem et.', 3, '2017-11-26 20:53:12', '2017-11-26 20:53:12'),
(30, 49, 'Van Jacobson', 'Tenetur aut magni voluptatem aliquid numquam ex molestiae. Exercitationem hic atque magni nostrum dolorem.', 4, '2017-11-26 20:53:12', '2017-11-26 20:53:12'),
(31, 27, 'Janelle Hoeger PhD', 'Nihil explicabo fugiat alias molestias dolores ea delectus. Aut maiores qui blanditiis ut. Enim iste fugit molestiae qui eum in qui. Sint eveniet numquam omnis asperiores voluptates placeat.', 4, '2017-11-26 20:53:12', '2017-11-26 20:53:12'),
(32, 39, 'Delta Boehm', 'Quo dignissimos non assumenda aspernatur nihil dolores. At ea vel dolorem et quam fugit. Ut sapiente fugiat voluptas atque modi veritatis magni quia. Aut quasi repellat aspernatur deleniti.', 4, '2017-11-26 20:53:12', '2017-11-26 20:53:12'),
(33, 5, 'Johnathan Mitchell', 'Deserunt dolor nisi aut qui impedit consequuntur repudiandae. Quia id quia esse sed ipsum atque. Ex consequatur harum quas quos.', 3, '2017-11-26 20:53:12', '2017-11-26 20:53:12'),
(34, 14, 'Genesis Greenholt', 'Nesciunt deserunt voluptatibus blanditiis reprehenderit harum rem suscipit. Quaerat natus maxime occaecati dolorem voluptas quia. Aut quaerat eaque dicta.', 4, '2017-11-26 20:53:12', '2017-11-26 20:53:12'),
(35, 13, 'Donnell Walter IV', 'In sunt perferendis recusandae accusamus. In exercitationem voluptatem libero qui. Et molestiae quia pariatur vel natus.', 2, '2017-11-26 20:53:12', '2017-11-26 20:53:12'),
(36, 27, 'Verona O\'Reilly', 'Doloribus voluptas adipisci qui laboriosam at aperiam. Iste rerum sapiente dolor aut.', 4, '2017-11-26 20:53:12', '2017-11-26 20:53:12'),
(37, 6, 'Prof. Camryn Howe DVM', 'Tempora labore qui possimus sit. Deleniti nobis modi maxime eum voluptatem. Nulla perspiciatis id voluptatem officia molestiae deserunt.', 1, '2017-11-26 20:53:12', '2017-11-26 20:53:12'),
(38, 3, 'Mrs. Mafalda Reynolds', 'Odio odit neque qui dolor itaque. Incidunt modi mollitia dolore non aperiam. Voluptates dolor quibusdam ipsum. Quia maxime inventore dolorem qui eos eum.', 4, '2017-11-26 20:53:12', '2017-11-26 20:53:12'),
(39, 23, 'Zetta Denesik I', 'Corrupti molestiae tenetur sit deserunt sit neque et. Minus voluptates qui nostrum excepturi fuga. Omnis ex alias doloribus voluptatem. Minus sed tenetur enim sunt quibusdam cupiditate dolores.', 0, '2017-11-26 20:53:12', '2017-11-26 20:53:12'),
(40, 2, 'Krystel Russel', 'Illo et eligendi quos possimus odit ab. Impedit officia natus reprehenderit voluptatem reiciendis similique aut labore. Voluptatum ut provident aliquid fugiat quis veniam ea.', 0, '2017-11-26 20:53:12', '2017-11-26 20:53:12'),
(41, 39, 'Miss Marilou Haley III', 'Illo rerum est maiores distinctio velit. Ad eum explicabo dolorem fugiat. Et recusandae alias odio dolores necessitatibus laudantium.', 5, '2017-11-26 20:53:12', '2017-11-26 20:53:12'),
(42, 1, 'Wava Kemmer', 'Eos repellendus animi rerum eum sint sunt. Vel enim est placeat enim. Provident id recusandae ad. Mollitia minus voluptate sed non accusantium. Eaque quaerat hic dolor quod.', 4, '2017-11-26 20:53:12', '2017-11-26 20:53:12'),
(43, 32, 'Arnoldo Gutmann', 'Quaerat a enim ut sunt animi excepturi. Doloremque quam natus adipisci officia ex optio incidunt. Aut facilis eum iste magni. Sed facilis nam voluptatum qui deleniti distinctio est illo. Magnam dolorem id ipsa qui quam.', 2, '2017-11-26 20:53:12', '2017-11-26 20:53:12'),
(44, 23, 'Prof. Christina Prohaska', 'Dolorem autem quisquam repellat eligendi. Sit corporis itaque non ut natus quae suscipit eum. Aut qui eos sit blanditiis labore.', 3, '2017-11-26 20:53:12', '2017-11-26 20:53:12'),
(45, 26, 'Miss Eveline Ratke', 'Ea odio dolor tempore minima quidem at eum ut. Aut rerum qui repellat ut repellat. Aut possimus soluta error cumque eveniet veritatis. Explicabo qui voluptas eos ex.', 0, '2017-11-26 20:53:12', '2017-11-26 20:53:12'),
(46, 13, 'Enola Boyle', 'Nobis sed incidunt corporis quod. At accusantium saepe sint. Sint molestiae molestias omnis officia sit minima. Delectus molestias architecto qui.', 4, '2017-11-26 20:53:12', '2017-11-26 20:53:12'),
(47, 49, 'Prof. Zackary Kuhic PhD', 'Hic ipsam at voluptas aut corporis. Et voluptas incidunt ea itaque voluptatibus facilis et. Adipisci eos dolorem nesciunt eaque. Omnis perferendis vero deleniti atque iste eaque neque.', 2, '2017-11-26 20:53:12', '2017-11-26 20:53:12'),
(48, 26, 'Broderick Ankunding', 'Ut sed reiciendis quibusdam hic. Ut et quia sunt expedita. Saepe aut et cupiditate iusto. Fugit corporis laborum soluta explicabo qui.', 4, '2017-11-26 20:53:12', '2017-11-26 20:53:12'),
(49, 28, 'Danyka Spinka', 'Voluptatibus assumenda velit praesentium mollitia voluptas ut. Eum quam atque impedit magnam incidunt. Quidem debitis nemo laudantium et provident. Nulla sed velit qui.', 4, '2017-11-26 20:53:12', '2017-11-26 20:53:12'),
(50, 27, 'Connie Goodwin', 'Ut provident id sit ab non nihil. Omnis natus optio animi velit rerum et accusamus occaecati. Eum quasi similique sed et a nemo.', 5, '2017-11-26 20:53:12', '2017-11-26 20:53:12'),
(51, 30, 'Magdalena Miller Jr.', 'Facilis dolorem sint est laudantium. Quia quasi culpa ut velit ipsam impedit quos. Quod et est doloremque qui non.', 3, '2017-11-26 20:53:12', '2017-11-26 20:53:12'),
(52, 13, 'Laurine Wolf', 'Omnis est et eius facilis impedit aut illum. Voluptate aperiam repellendus dolores officiis.', 2, '2017-11-26 20:53:12', '2017-11-26 20:53:12'),
(53, 22, 'Josefina Abbott I', 'Ad voluptas id esse incidunt. Eum dolorem qui et debitis est. Tempore eius nobis itaque qui unde ut.', 5, '2017-11-26 20:53:12', '2017-11-26 20:53:12'),
(54, 25, 'Dr. Tabitha Runolfsdottir', 'Vitae modi odio culpa tempora quae cumque animi. Eveniet illo delectus sed et eius. Quibusdam est ipsa excepturi porro quasi tenetur eum. Id error ipsum dolorem dolorem.', 5, '2017-11-26 20:53:12', '2017-11-26 20:53:12'),
(55, 9, 'Kristoffer Kub', 'Sapiente tenetur explicabo perferendis qui officiis hic dicta exercitationem. Laboriosam id ut nemo deserunt quisquam. Vel fugit voluptatem deserunt voluptas eum aliquam incidunt. Dolores et qui magnam officia.', 3, '2017-11-26 20:53:12', '2017-11-26 20:53:12'),
(56, 23, 'Georgette Kertzmann', 'Est illum eaque quo repudiandae qui. Excepturi expedita sint quia voluptatem sed. Sunt nisi facilis voluptatem accusantium accusantium dolorem qui. Qui iste quisquam laborum aut molestiae.', 0, '2017-11-26 20:53:12', '2017-11-26 20:53:12'),
(57, 30, 'Dr. Mazie Feil Jr.', 'Hic praesentium dolorem eveniet. Sed et aut totam sint. Tempora voluptas quae aut non ratione fugiat sint aspernatur. Ipsum tempore consequuntur dolorem.', 3, '2017-11-26 20:53:12', '2017-11-26 20:53:12'),
(58, 40, 'Lorena Swift', 'Quis incidunt suscipit eaque quis velit officia. Excepturi sed ratione in iste culpa soluta atque. Quisquam laborum molestias voluptas qui. Qui consequatur non dignissimos.', 1, '2017-11-26 20:53:12', '2017-11-26 20:53:12'),
(59, 44, 'Prof. Andreanne Kirlin I', 'Vero temporibus voluptatem ea quae. Quibusdam et illo enim facere beatae. Quam officiis adipisci mollitia blanditiis rem. Natus consequatur nesciunt aut consequuntur asperiores nisi dicta fuga.', 0, '2017-11-26 20:53:12', '2017-11-26 20:53:12'),
(60, 5, 'Dr. Leola Sauer', 'Quasi nisi ut harum aliquid provident. Distinctio optio ut ut ex voluptas sed iure. Sit autem rem quia eum placeat a. Aspernatur dolor nesciunt sequi dolores cum rem.', 1, '2017-11-26 20:53:12', '2017-11-26 20:53:12'),
(61, 50, 'Kian Kuhlman', 'Qui et rem enim impedit. Similique repellendus voluptate pariatur rerum at et.', 1, '2017-11-26 20:53:12', '2017-11-26 20:53:12'),
(62, 15, 'Dr. Ceasar Okuneva Sr.', 'Dicta earum aperiam harum. Esse officia reiciendis quis. Iste doloremque et voluptatem est dolores recusandae aut. In repellendus sit aut enim quibusdam nostrum tempore.', 3, '2017-11-26 20:53:12', '2017-11-26 20:53:12'),
(63, 47, 'Loyal Haag', 'Qui accusamus ut laborum consequatur laudantium eligendi nisi. Corporis alias corrupti autem in. Et in voluptatem animi ad incidunt non.', 5, '2017-11-26 20:53:12', '2017-11-26 20:53:12'),
(64, 23, 'Liliane Murphy', 'Voluptatibus consequatur doloribus et nam quia nulla amet. Ut deleniti et exercitationem. Aspernatur aliquid numquam totam unde officia distinctio. Eligendi illum sit id.', 3, '2017-11-26 20:53:12', '2017-11-26 20:53:12'),
(65, 47, 'Ms. Angela Crona', 'Magni minima incidunt atque omnis enim aliquid. Ad fuga consectetur facere perferendis. Asperiores quia quas sint qui voluptas aspernatur.', 1, '2017-11-26 20:53:12', '2017-11-26 20:53:12'),
(66, 17, 'Jed Yost', 'Id nisi incidunt aut veritatis voluptates sint id facere. Molestiae excepturi repudiandae in quod provident. Quasi voluptatem sint totam est laboriosam voluptatem aspernatur. Voluptate consequatur quos esse optio.', 5, '2017-11-26 20:53:12', '2017-11-26 20:53:12'),
(67, 11, 'Henri Thompson', 'Sequi est eum vel iste. Id ad dolores est qui nemo. Inventore ad ut ullam.', 3, '2017-11-26 20:53:12', '2017-11-26 20:53:12'),
(68, 21, 'Miracle Farrell MD', 'Ut modi ea autem illo quidem consequatur quis. Eveniet distinctio tempore nihil quas tenetur sint quidem. Numquam molestiae officiis nam ad.', 1, '2017-11-26 20:53:12', '2017-11-26 20:53:12'),
(69, 36, 'Angeline Hilpert', 'Laborum eum animi consectetur maiores ex. Voluptatem delectus vero facere reiciendis sunt dolor. Nesciunt perferendis explicabo dolor et ipsam perferendis. Sed sunt soluta aut fuga mollitia quibusdam. Accusamus dignissimos a molestiae nihil consequatur minus perspiciatis.', 3, '2017-11-26 20:53:12', '2017-11-26 20:53:12'),
(70, 8, 'Ms. Roxanne Rogahn', 'Dolore dolorum dolor quia est aut autem consectetur. Voluptatibus rerum quisquam cum porro praesentium ea. Ut a architecto autem amet dolore animi. Quis magni deleniti labore expedita.', 3, '2017-11-26 20:53:12', '2017-11-26 20:53:12'),
(71, 23, 'Prof. Reid Bogan DVM', 'Temporibus rerum et labore ut eos. Distinctio aut velit voluptas nesciunt ad ut. Provident harum mollitia voluptatem suscipit qui. Voluptate delectus ullam dolores optio.', 1, '2017-11-26 20:53:12', '2017-11-26 20:53:12'),
(72, 14, 'Sabrina Hoppe', 'Ullam tempora quae consequatur laborum explicabo laboriosam et. Blanditiis iure odio repellendus autem sit ea magni consequatur. Et sunt quas officia ut.', 0, '2017-11-26 20:53:12', '2017-11-26 20:53:12'),
(73, 8, 'Mrs. Wilma Franecki', 'Voluptatibus officiis eum sit quod atque aperiam illo. Voluptas aut nihil iure. Quibusdam repellendus sit ab ut et ex. Odio ipsa vel velit dolores maxime repudiandae.', 5, '2017-11-26 20:53:12', '2017-11-26 20:53:12'),
(74, 30, 'Mrs. Kylie Christiansen III', 'Perferendis vel minus voluptas est. Omnis quaerat velit velit magnam. Accusantium veniam hic enim qui.', 5, '2017-11-26 20:53:12', '2017-11-26 20:53:12'),
(75, 4, 'Viva Schultz', 'Aut laudantium dolores nulla voluptas temporibus vero quisquam. Exercitationem id nemo vel. Explicabo et suscipit dolor odit qui. Sequi incidunt est voluptas ipsam dolor est debitis.', 5, '2017-11-26 20:53:12', '2017-11-26 20:53:12'),
(76, 13, 'Alena Hintz', 'Autem cum consequatur quod eligendi omnis. Illum ea voluptatem commodi occaecati ut et sit. Libero quia ducimus fugit amet. Ducimus cupiditate asperiores ducimus voluptatem ea rerum.', 2, '2017-11-26 20:53:12', '2017-11-26 20:53:12'),
(77, 11, 'Elliott Koch', 'Aut omnis eum similique nam et. Cupiditate repudiandae qui eligendi voluptatum quo sint. Iusto assumenda reiciendis omnis sit accusantium dolore aperiam commodi. In voluptatem est at culpa vel.', 4, '2017-11-26 20:53:12', '2017-11-26 20:53:12'),
(78, 5, 'Miss Cathryn Beer IV', 'Quis totam ratione perferendis adipisci voluptatibus. Voluptate quis voluptatibus et accusamus quae saepe animi. Occaecati possimus ut quasi aut fuga.', 1, '2017-11-26 20:53:12', '2017-11-26 20:53:12'),
(79, 19, 'Yasmin Daugherty', 'Rerum possimus doloremque iusto aperiam. Aliquam laborum id dolores quidem. Et maxime nemo qui aliquid. Fuga delectus nisi consequatur optio sequi.', 2, '2017-11-26 20:53:12', '2017-11-26 20:53:12'),
(80, 9, 'Cristobal Schowalter', 'Ipsam similique nobis nihil in laboriosam quaerat. Error sequi omnis cum laudantium dolores sunt ab. Et tenetur itaque voluptas recusandae.', 2, '2017-11-26 20:53:12', '2017-11-26 20:53:12'),
(81, 20, 'Linwood Fadel', 'Consequatur quia aliquam dolorum et delectus atque. Quis exercitationem ut quibusdam et nihil molestiae vel placeat. Sequi ea beatae temporibus autem sed dolore cupiditate ducimus. Id ut rerum pariatur debitis qui.', 4, '2017-11-26 20:53:12', '2017-11-26 20:53:12'),
(82, 38, 'Dr. Obie Ondricka III', 'Deleniti sit odio sequi sunt est dolorum. Rerum minus qui quia. Hic nostrum voluptas consequuntur quasi quas sunt. Facere rem dolor odio laudantium qui. Quo accusantium placeat dolor et.', 5, '2017-11-26 20:53:12', '2017-11-26 20:53:12'),
(83, 10, 'Prof. Zoey Stroman PhD', 'Voluptatem voluptas deserunt deserunt labore dolorem nemo. Nesciunt quidem quam aut ex magnam repellat molestias. Deleniti incidunt architecto enim ut. Recusandae sit architecto nam adipisci.', 4, '2017-11-26 20:53:12', '2017-11-26 20:53:12'),
(84, 48, 'Cassie Weimann', 'Et omnis corrupti illo omnis rerum saepe. Numquam odio doloribus sit minima iure non iusto. Quos vitae ex tempore laborum.', 3, '2017-11-26 20:53:12', '2017-11-26 20:53:12'),
(85, 47, 'Ibrahim Abshire', 'Id sapiente optio architecto ex fuga impedit repellat. Et non nisi voluptates sed. Dolor debitis ipsum veniam vitae sed molestiae voluptatem. Nulla corrupti inventore omnis enim.', 3, '2017-11-26 20:53:12', '2017-11-26 20:53:12'),
(86, 12, 'Mr. Obie Pfannerstill III', 'Facilis placeat voluptas dignissimos amet non. Culpa maiores quasi labore harum iure pariatur. Excepturi assumenda ut sunt nulla reprehenderit.', 3, '2017-11-26 20:53:12', '2017-11-26 20:53:12'),
(87, 2, 'Ms. Lavina Grimes IV', 'Dolores laudantium dolor magni voluptas nobis. Illum dignissimos non qui rerum qui consequuntur earum. Voluptatem aut fugit qui harum quisquam vel voluptatem.', 1, '2017-11-26 20:53:12', '2017-11-26 20:53:12'),
(88, 6, 'Ms. Anne Hagenes', 'Sit non neque reiciendis sed ratione aut qui. Amet qui et sed est optio sequi. Amet enim consequatur et quae.', 3, '2017-11-26 20:53:12', '2017-11-26 20:53:12'),
(89, 1, 'Mr. Tyree Rath', 'Voluptatem et incidunt enim velit voluptas aliquid sequi sint. Dignissimos laboriosam quo et qui debitis doloribus sit eveniet. Porro sed consequatur amet vel. Delectus pariatur expedita vitae ad sit.', 5, '2017-11-26 20:53:12', '2017-11-26 20:53:12'),
(90, 45, 'Laurianne Hirthe', 'Aut rerum dolor velit commodi fugiat libero. Ut neque aliquam non autem aspernatur. Et aut in non quia iusto omnis asperiores. Magni ut voluptatem sed eveniet voluptatem atque.', 3, '2017-11-26 20:53:12', '2017-11-26 20:53:12'),
(91, 50, 'Ms. Orie Lehner', 'Quod nihil omnis odio error officia. Voluptatum eius placeat quis. Et omnis libero error. Veniam veritatis qui impedit ut ad. Consequatur ullam vel adipisci eos sunt laboriosam.', 2, '2017-11-26 20:53:12', '2017-11-26 20:53:12'),
(92, 47, 'Dr. Rosina Hodkiewicz', 'Fuga saepe quibusdam quo quo. Voluptates ullam eum fuga. Est ut odit distinctio. Delectus labore eos impedit illum nisi.', 1, '2017-11-26 20:53:12', '2017-11-26 20:53:12'),
(93, 20, 'Isai Altenwerth MD', 'Voluptatibus voluptas nulla voluptatem itaque libero. Voluptate ex consequuntur id voluptas nulla. Reprehenderit quidem et ea iusto vero. Ipsam molestias sit qui rem itaque qui quia aut. At tempore maiores itaque ut sapiente dolores.', 1, '2017-11-26 20:53:12', '2017-11-26 20:53:12'),
(94, 18, 'Adah Spencer', 'Eius dolores dolore cumque eos dolorem. Debitis accusantium voluptates optio mollitia. Ipsum esse enim voluptatem ut vel officia.', 5, '2017-11-26 20:53:12', '2017-11-26 20:53:12'),
(95, 23, 'Prof. Michael Mayer', 'Eum et est voluptas et doloribus quaerat nostrum. Animi tempore voluptatibus quia. Et omnis et nostrum nesciunt et sit quia.', 1, '2017-11-26 20:53:12', '2017-11-26 20:53:12'),
(96, 2, 'Mrs. Erica Beer', 'Quas voluptas et beatae inventore. Dicta aut quia explicabo. Aut aut est praesentium sit voluptas reiciendis.', 5, '2017-11-26 20:53:12', '2017-11-26 20:53:12'),
(97, 42, 'Keyshawn Jacobs V', 'Saepe sed voluptas tenetur ducimus enim dolorem quidem. Ut dignissimos expedita cumque id. Sed blanditiis est quod consequatur et tempora tempore.', 5, '2017-11-26 20:53:12', '2017-11-26 20:53:12'),
(98, 30, 'Geovanni Beier', 'Illo ratione qui quidem quam molestias officia fugit. Dolorum aut commodi eveniet dolorem labore. Voluptatibus qui est dicta voluptatem voluptatem qui explicabo.', 4, '2017-11-26 20:53:12', '2017-11-26 20:53:12'),
(99, 2, 'Mr. Darrin Legros', 'Labore quia consectetur id explicabo. Eos sapiente repudiandae ut molestiae itaque voluptatum sed nobis. Aut minus quidem ducimus accusamus.', 5, '2017-11-26 20:53:12', '2017-11-26 20:53:12'),
(100, 38, 'Meaghan Kihn', 'Voluptatum id ut dolores dignissimos velit. Facere vero nihil fuga eaque autem aut quis. Nulla ut est nesciunt expedita hic ipsa illum.', 1, '2017-11-26 20:53:12', '2017-11-26 20:53:12'),
(101, 47, 'Rocky Hintz', 'Possimus doloribus dolores voluptate sint dolor. Et minima quia voluptas ut. Quaerat ea dolore fugiat iusto optio dicta ut. Dolore ab asperiores sunt dolor.', 5, '2017-11-26 20:53:12', '2017-11-26 20:53:12'),
(102, 37, 'Aaron Heidenreich V', 'Sunt id quasi possimus consequatur necessitatibus. Facere voluptate ea eligendi animi velit. Ut maiores officiis illo officia ut necessitatibus. Nostrum deserunt sed corrupti ad sint.', 4, '2017-11-26 20:53:12', '2017-11-26 20:53:12'),
(103, 22, 'Maybell Jast', 'Vitae reprehenderit dolorem et. Illo cum architecto et. Accusantium exercitationem odio facilis quo et quia nihil.', 1, '2017-11-26 20:53:12', '2017-11-26 20:53:12'),
(104, 21, 'Armani Marquardt', 'Possimus culpa tempore cum provident veniam. Animi vero dolor assumenda reiciendis ut. Nesciunt explicabo rem nisi officia.', 3, '2017-11-26 20:53:12', '2017-11-26 20:53:12'),
(105, 43, 'Ada Lind', 'Omnis est itaque impedit doloremque quis quisquam. Nam porro optio eum atque atque impedit asperiores. Inventore in ut sed rerum ut.', 1, '2017-11-26 20:53:12', '2017-11-26 20:53:12'),
(106, 32, 'Ewald Collier', 'Excepturi odio eaque est molestiae doloremque accusantium quidem. Quasi veniam labore minus illum architecto facere. Dignissimos magni quia ea nobis dolor rerum vel earum. Ut sed et illo eos qui veritatis modi nihil.', 1, '2017-11-26 20:53:12', '2017-11-26 20:53:12'),
(107, 37, 'Kendra Cartwright', 'Possimus sit ab ut consequatur aspernatur. Accusantium architecto error possimus dolorem. Velit consectetur debitis autem omnis eius facere ad. Nesciunt est maxime eaque cumque qui excepturi vitae minus.', 2, '2017-11-26 20:53:12', '2017-11-26 20:53:12'),
(108, 26, 'Ebba Rutherford', 'Eum illum doloremque molestias. Deleniti eum quo in quia quasi. Natus quae deserunt excepturi iste. Rerum delectus harum dolor dolores provident autem.', 1, '2017-11-26 20:53:12', '2017-11-26 20:53:12'),
(109, 5, 'Shaniya Ebert', 'Dolores et molestiae molestiae minima inventore fugiat. Ipsa rerum voluptates omnis eligendi. Doloribus qui qui repellendus animi et. Non cum doloremque sit ducimus magnam.', 5, '2017-11-26 20:53:12', '2017-11-26 20:53:12'),
(110, 21, 'Sibyl VonRueden Jr.', 'Recusandae ab omnis quasi vero minus quo alias. Suscipit aliquid quo consequatur aut. Vitae dolorem dicta consequatur quibusdam earum. Expedita impedit quia odit dolor quasi similique vel rerum.', 5, '2017-11-26 20:53:12', '2017-11-26 20:53:12'),
(111, 21, 'Dr. Brycen Wilkinson III', 'Rerum illo alias cum veniam et et non. Porro laudantium est qui doloribus quos nesciunt. Et iste distinctio molestias dolorem assumenda. Saepe assumenda dolorem autem iusto.', 2, '2017-11-26 20:53:12', '2017-11-26 20:53:12'),
(112, 24, 'Theresa Boehm', 'Corrupti aut aut dignissimos ut asperiores et rem minima. Unde esse enim impedit laboriosam numquam minus libero. Quibusdam ut nihil alias doloremque quis minus cumque. Voluptatem quisquam itaque non repellendus quaerat eos quidem. Illo odit aut veritatis odit molestiae aut.', 3, '2017-11-26 20:53:12', '2017-11-26 20:53:12'),
(113, 43, 'Kaden Mante PhD', 'Nobis animi illum et ut veniam. Quae sed facere vel repudiandae occaecati ducimus. Incidunt exercitationem quos ex eos velit sunt. Deserunt et officia blanditiis doloremque quaerat voluptatem id cumque. Qui et ut quam.', 4, '2017-11-26 20:53:12', '2017-11-26 20:53:12'),
(114, 2, 'Prof. Eugene Heller', 'Eos laudantium consectetur provident quam aliquid dolor voluptatem. Dolores ea dignissimos autem cumque hic voluptatem velit. Facere labore mollitia voluptatem ipsa. Similique distinctio expedita sunt fugiat tempore cumque et.', 5, '2017-11-26 20:53:12', '2017-11-26 20:53:12'),
(115, 8, 'Mr. Isidro Jenkins IV', 'Qui perferendis nisi perspiciatis et. Animi quae necessitatibus non neque. Illo nihil accusamus saepe dolores omnis distinctio.', 5, '2017-11-26 20:53:12', '2017-11-26 20:53:12'),
(116, 38, 'Stephon Wisoky Jr.', 'Facilis ut doloribus perferendis est minima. Tempore perferendis enim doloribus illum laborum explicabo. Et ipsum labore repellat velit.', 1, '2017-11-26 20:53:12', '2017-11-26 20:53:12'),
(117, 9, 'Marcelina Pacocha', 'Beatae porro qui quasi qui nulla velit. Expedita qui id neque sint suscipit eaque. Animi ex nobis laboriosam omnis quod repellendus.', 0, '2017-11-26 20:53:12', '2017-11-26 20:53:12'),
(118, 29, 'Emmett Daugherty', 'Alias neque dolorem aut totam quasi error quas. Aut ullam sint temporibus delectus incidunt et magnam. Veniam similique officia aut voluptate voluptates ducimus eos.', 4, '2017-11-26 20:53:12', '2017-11-26 20:53:12'),
(119, 27, 'Jimmy Kohler', 'Fugit necessitatibus tempore maxime. Ullam incidunt fuga et voluptatem dolores saepe et. Voluptatum molestiae eaque sed. Laboriosam temporibus sapiente veniam voluptas praesentium fugit ipsam.', 4, '2017-11-26 20:53:12', '2017-11-26 20:53:12'),
(120, 36, 'Dr. Caterina Bradtke', 'Rem placeat distinctio ut enim molestiae. Officia qui repudiandae quia placeat rerum qui. Vero laudantium corrupti non harum et accusantium id. Sit et excepturi repellendus aut laboriosam.', 0, '2017-11-26 20:53:12', '2017-11-26 20:53:12'),
(121, 31, 'Jessy Hettinger', 'Recusandae quisquam adipisci quis quia deleniti voluptas. In maxime ut non placeat vel assumenda illum. Ut et vel dolores quo perspiciatis quisquam excepturi.', 5, '2017-11-26 20:53:12', '2017-11-26 20:53:12'),
(122, 15, 'Brice O\'Connell', 'Sunt vel quisquam aut. Aliquam voluptas in non et et nostrum suscipit id. Totam molestias quae ut commodi corporis minima. Beatae aut voluptatem doloribus qui.', 3, '2017-11-26 20:53:12', '2017-11-26 20:53:12'),
(123, 45, 'Abdul Kris', 'Quis saepe et amet sed ad voluptas. Voluptate voluptates dignissimos error dolorem ducimus itaque voluptatem. Natus dolores earum molestias hic debitis voluptatibus sit in. Quos in et distinctio id quo.', 0, '2017-11-26 20:53:12', '2017-11-26 20:53:12'),
(124, 17, 'Boyd Mann', 'Adipisci debitis dolor voluptas. Quae sequi dolores consectetur veritatis. Quisquam accusamus ea et officiis. Ab libero consectetur saepe perspiciatis eos ut qui.', 0, '2017-11-26 20:53:12', '2017-11-26 20:53:12'),
(125, 12, 'Ms. Karen Rosenbaum', 'Et eum est voluptas aut. Quia aut repellat omnis voluptatibus. Illo nihil iure laborum.', 3, '2017-11-26 20:53:12', '2017-11-26 20:53:12'),
(126, 33, 'Kyra Aufderhar', 'Qui ducimus rerum et id. Odit qui possimus laboriosam molestiae. Quam dolorum aperiam ipsum molestiae in illo.', 5, '2017-11-26 20:53:12', '2017-11-26 20:53:12'),
(127, 44, 'Blake Daugherty', 'Sed quibusdam ea quos aspernatur voluptatem temporibus quibusdam pariatur. Aut nulla nemo qui ea doloribus modi rem. Qui rem vero assumenda et. Voluptatem saepe nobis omnis voluptatum rem.', 5, '2017-11-26 20:53:12', '2017-11-26 20:53:12'),
(128, 27, 'Prof. Michel Windler', 'Doloribus nemo error autem officia amet. Voluptatem aut nihil facere id molestias. Nesciunt veritatis magni quia veniam voluptatem. Et aut veniam aut asperiores quis id amet sed.', 3, '2017-11-26 20:53:12', '2017-11-26 20:53:12'),
(129, 46, 'Chelsie Hahn', 'Id quia id velit aut aliquam ducimus. Tempore eius culpa consequatur et. Quasi ut rerum rem et possimus. Itaque quibusdam sunt quibusdam reprehenderit eius voluptatum dolor quisquam.', 5, '2017-11-26 20:53:12', '2017-11-26 20:53:12'),
(130, 25, 'Aaliyah Lesch I', 'Recusandae eos et odit non nostrum nesciunt quisquam. Omnis dolor necessitatibus sequi aut ut cupiditate. Eaque et quis eius quidem fugiat aliquam.', 0, '2017-11-26 20:53:12', '2017-11-26 20:53:12'),
(131, 31, 'Delpha Crooks', 'Fuga sapiente id labore illum at. Asperiores magnam et totam ad exercitationem sit. Magni sunt esse modi quia provident voluptatem. Animi laboriosam illo aut minus est voluptate soluta assumenda.', 4, '2017-11-26 20:53:12', '2017-11-26 20:53:12'),
(132, 42, 'Ken Bogisich', 'Ex quis provident sed et. Adipisci dolores ut velit qui quod quidem. Ut mollitia nam deserunt.', 1, '2017-11-26 20:53:12', '2017-11-26 20:53:12'),
(133, 11, 'Prof. Nathanael Ryan', 'Vel maiores dolorum unde quam repellendus dolor. Magni tempore earum accusamus in vel dolorum velit culpa. Ut est qui assumenda quo. Harum quia quae inventore quo.', 0, '2017-11-26 20:53:12', '2017-11-26 20:53:12'),
(134, 5, 'Loyce Abshire V', 'Libero voluptate sint alias adipisci voluptas. Incidunt maxime dignissimos quis aspernatur illo nesciunt. Deleniti dolorem consectetur dolorem aut.', 3, '2017-11-26 20:53:12', '2017-11-26 20:53:12'),
(135, 21, 'Jazmin Veum DVM', 'Molestiae quos hic sequi libero voluptatem rerum aut. Vel consequatur tempore doloribus eveniet aliquid.', 1, '2017-11-26 20:53:12', '2017-11-26 20:53:12'),
(136, 36, 'Bo Nitzsche', 'Fugit ad quae quia ex rerum. Consequuntur sunt quia a ipsa. Tenetur distinctio quo et laudantium sunt laborum illo deleniti.', 2, '2017-11-26 20:53:12', '2017-11-26 20:53:12'),
(137, 8, 'Kaya Willms', 'Adipisci doloremque voluptatum commodi est. Dolorem error culpa soluta voluptas et. Quam quo voluptates nihil voluptatem qui. Aut in nam magnam necessitatibus aut qui facilis.', 3, '2017-11-26 20:53:12', '2017-11-26 20:53:12'),
(138, 36, 'Donnie Legros', 'Sunt explicabo quae architecto dolorem ut est. Qui dignissimos adipisci neque nam exercitationem. Tempora quae ea voluptatem eum quaerat numquam harum.', 2, '2017-11-26 20:53:12', '2017-11-26 20:53:12'),
(139, 16, 'Eddie Kassulke', 'Architecto doloremque neque ipsum maxime illum. Eum quisquam harum nulla sit at dolores. Distinctio voluptatibus optio quia repellendus delectus mollitia. Voluptas blanditiis rem quia eos sint ab non dolore.', 5, '2017-11-26 20:53:12', '2017-11-26 20:53:12'),
(140, 46, 'Miss Summer Tromp I', 'Perspiciatis impedit error doloremque qui necessitatibus. Ipsum occaecati iusto harum enim labore numquam. Rerum voluptatum vero consequatur aut quia qui itaque.', 3, '2017-11-26 20:53:12', '2017-11-26 20:53:12'),
(141, 9, 'Salma Upton II', 'Voluptatem a est asperiores voluptas distinctio ut atque. Minus odio placeat suscipit ullam distinctio corrupti eius. Tempora tempora illo rerum sit temporibus.', 1, '2017-11-26 20:53:12', '2017-11-26 20:53:12'),
(142, 40, 'Brandy Kiehn', 'Eius expedita a cupiditate optio quibusdam voluptatem. A dolores doloremque quia necessitatibus fugiat laboriosam sint voluptas. Voluptas adipisci quaerat nihil perferendis qui voluptatibus asperiores. Itaque qui iusto voluptatibus recusandae non omnis quos.', 4, '2017-11-26 20:53:12', '2017-11-26 20:53:12'),
(143, 28, 'Colt Torphy', 'Labore est quasi labore est. Voluptatem aut ullam ex iste et qui quia. Dolorem dolor delectus dignissimos fugit optio blanditiis eaque. Dicta ipsa quisquam et quod magni dolor.', 2, '2017-11-26 20:53:12', '2017-11-26 20:53:12'),
(144, 16, 'Roosevelt Lockman', 'Architecto iusto illo minus animi consequatur. Molestiae asperiores numquam sequi ipsum cupiditate a accusantium. Dolor esse ea adipisci ut ad nisi.', 1, '2017-11-26 20:53:12', '2017-11-26 20:53:12'),
(145, 12, 'Ransom Kris', 'Ex quae molestias nemo nobis. Nulla ipsam qui molestias nostrum enim aliquid rerum explicabo. Nostrum id officia laboriosam consequatur quos suscipit libero aut.', 5, '2017-11-26 20:53:12', '2017-11-26 20:53:12'),
(146, 46, 'Mitchel White I', 'Sed veritatis illo velit dolorem esse velit est. Quod consequatur ab libero aut in corporis eum. Accusantium et dolorem itaque laboriosam voluptates voluptatum.', 2, '2017-11-26 20:53:12', '2017-11-26 20:53:12'),
(147, 8, 'Mabelle Kerluke', 'Soluta aperiam adipisci occaecati libero suscipit asperiores quaerat. Eum officiis rerum occaecati ut assumenda repellat. Mollitia laborum exercitationem dolor iste. Iusto sed deleniti sint consectetur.', 3, '2017-11-26 20:53:12', '2017-11-26 20:53:12'),
(148, 37, 'Sienna Torp', 'Facere quibusdam nulla non voluptas hic repellendus minima. Blanditiis iste tenetur consectetur sit. Vel incidunt fugiat debitis necessitatibus. Nihil doloremque aperiam consequatur distinctio non sequi quasi.', 4, '2017-11-26 20:53:12', '2017-11-26 20:53:12'),
(149, 6, 'Sarina Graham DDS', 'Voluptas quaerat quaerat nisi eligendi sed dolores dolorem consectetur. Nostrum molestias commodi qui veritatis enim voluptates illum et.', 1, '2017-11-26 20:53:12', '2017-11-26 20:53:12'),
(150, 23, 'Mr. Maverick Murphy DDS', 'Nesciunt deleniti culpa quaerat sint nulla deleniti. Assumenda voluptatibus nemo molestiae nam illo tempore illo. Ratione nostrum sint deserunt molestiae.', 5, '2017-11-26 20:53:12', '2017-11-26 20:53:12'),
(151, 12, 'Jakayla Osinski', 'Accusantium tenetur quibusdam omnis accusantium suscipit corrupti incidunt. Eveniet voluptatibus sunt velit quam unde harum. Aut asperiores odio commodi. Non inventore suscipit animi alias quia est. Praesentium asperiores magnam repudiandae fugiat ea adipisci aperiam.', 5, '2017-11-26 20:53:12', '2017-11-26 20:53:12'),
(152, 40, 'Duncan Muller', 'Eos ut cupiditate accusamus voluptas dicta earum consequuntur. Accusantium optio odio aut veritatis recusandae et ducimus. Dolorem consequatur aliquid nostrum nesciunt. Incidunt sed dolor deserunt architecto est.', 2, '2017-11-26 20:53:12', '2017-11-26 20:53:12'),
(153, 48, 'Jalyn Adams PhD', 'Rerum id nihil placeat molestiae. Ut animi qui rerum sed consectetur. Soluta voluptatem est corrupti autem nisi eveniet. Labore minima sunt ut dolores voluptatem consectetur sed.', 3, '2017-11-26 20:53:12', '2017-11-26 20:53:12'),
(154, 33, 'Prof. Jolie Bailey', 'Dolor dolorem omnis enim recusandae molestiae. Saepe minima fuga fugit. Aliquid nobis quis excepturi qui.', 1, '2017-11-26 20:53:12', '2017-11-26 20:53:12'),
(155, 1, 'Kieran Bradtke DDS', 'Vero alias itaque culpa neque et quis eum. Voluptas nisi accusamus et placeat. Perspiciatis voluptas id quo tempore tempore et est omnis. Mollitia consequuntur placeat et voluptates rerum ipsum sunt. Aut voluptates quis earum atque commodi.', 4, '2017-11-26 20:53:12', '2017-11-26 20:53:12'),
(156, 3, 'Ardith Hackett', 'Inventore error quis dignissimos dicta dolore eum. Omnis aliquam autem itaque nulla. Accusantium occaecati voluptatum qui eligendi ut dolorum optio. Ipsam minima et unde qui officiis aut odio commodi.', 2, '2017-11-26 20:53:12', '2017-11-26 20:53:12'),
(157, 47, 'Mr. Kellen Mayer', 'Necessitatibus officiis eaque est ducimus cupiditate quae omnis. Officiis itaque quibusdam aliquid dolorem voluptas. Asperiores blanditiis dolorem incidunt id magni quidem dolore.', 1, '2017-11-26 20:53:12', '2017-11-26 20:53:12'),
(158, 21, 'Renee Wiegand', 'Velit cumque quia et non. Iusto magnam velit nulla eum. Esse incidunt debitis non consectetur vel.', 4, '2017-11-26 20:53:12', '2017-11-26 20:53:12'),
(159, 12, 'Frederik Dare', 'Rerum nisi hic quos. Id aut inventore eum voluptas a et saepe. Ut praesentium earum dignissimos rerum.', 0, '2017-11-26 20:53:12', '2017-11-26 20:53:12'),
(160, 18, 'Maurine Haag I', 'Est ut impedit rerum et dicta itaque qui. Reiciendis aut dolorem provident ut molestias accusamus aliquam. Accusantium ipsam nihil recusandae sunt vel accusantium sint.', 2, '2017-11-26 20:53:12', '2017-11-26 20:53:12'),
(161, 8, 'Bret Moen', 'Architecto laboriosam eos distinctio ad. Eos asperiores magnam doloremque id id. Distinctio magnam quis ad delectus non hic. Deleniti accusantium sunt vel voluptatem voluptates.', 2, '2017-11-26 20:53:12', '2017-11-26 20:53:12'),
(162, 18, 'Mafalda Muller DDS', 'Quasi delectus ut est mollitia perferendis rerum molestiae. Quis rerum voluptas qui earum. Sequi optio quia modi tempora laboriosam sit.', 5, '2017-11-26 20:53:12', '2017-11-26 20:53:12'),
(163, 10, 'Freddie Dickens IV', 'Itaque quidem explicabo aut inventore id. Voluptas et atque doloribus ad sunt provident sed. Occaecati at dolor amet delectus consequuntur.', 1, '2017-11-26 20:53:12', '2017-11-26 20:53:12'),
(164, 27, 'Mr. Henri Sporer', 'Rem repudiandae illo iste cum fugiat. Odit atque cupiditate quidem accusamus natus. Consequatur ullam sunt omnis tempora totam.', 1, '2017-11-26 20:53:12', '2017-11-26 20:53:12'),
(165, 10, 'Kaya Gerhold', 'Eum aspernatur quia nobis deleniti velit ratione. Corrupti unde aut soluta cumque est et velit. Ullam laboriosam atque perspiciatis aut. Minima alias totam magni sed totam.', 4, '2017-11-26 20:53:12', '2017-11-26 20:53:12'),
(166, 29, 'Eliezer Gleichner', 'Quis velit possimus earum placeat distinctio incidunt. Explicabo minima ullam animi ab ad id. Illo non incidunt occaecati quis aut temporibus quos. Ut velit ab soluta aut molestias.', 5, '2017-11-26 20:53:12', '2017-11-26 20:53:12'),
(167, 11, 'Jules Luettgen', 'Quaerat veniam autem ut dolores adipisci delectus. Beatae fugiat ea debitis et aut eos repellat est. Est omnis sint omnis est accusantium.', 3, '2017-11-26 20:53:12', '2017-11-26 20:53:12'),
(168, 31, 'Tressa Kovacek', 'Eligendi qui ab fuga atque nesciunt. Nam est ut modi quidem reiciendis quod. Rerum qui saepe facilis soluta atque sit sed. Inventore exercitationem temporibus id est in quas. Quidem est corporis porro corrupti id labore.', 5, '2017-11-26 20:53:12', '2017-11-26 20:53:12'),
(169, 4, 'Dr. Abraham Ernser', 'Veniam sapiente nostrum vero sed voluptas. Voluptas nemo porro et voluptatem dolores commodi nihil. Quis ducimus reiciendis sit vero. Neque adipisci et rerum debitis nobis cum ut.', 1, '2017-11-26 20:53:12', '2017-11-26 20:53:12'),
(170, 38, 'Palma Gleason', 'Tempore ut quas enim et. Eos molestiae nulla blanditiis facilis natus. Id dolores est hic quia maiores omnis qui perferendis.', 4, '2017-11-26 20:53:12', '2017-11-26 20:53:12'),
(171, 22, 'Prof. Amaya Witting', 'Et vitae unde et deserunt tempore sit. Repellendus id nam veniam repudiandae iste porro. In nisi quis porro molestiae. Rerum nobis magnam porro error pariatur aut.', 4, '2017-11-26 20:53:12', '2017-11-26 20:53:12'),
(172, 19, 'Haley Leffler', 'Minus ut facere eligendi facilis modi. Tempore doloremque corporis debitis et similique. Incidunt magni a est veritatis suscipit. Nisi dignissimos animi velit et.', 5, '2017-11-26 20:53:12', '2017-11-26 20:53:12'),
(173, 17, 'Tressa Predovic DDS', 'Nisi rerum nulla quidem laboriosam est placeat ratione adipisci. Modi laboriosam facere hic est. Temporibus vel et at sed qui.', 4, '2017-11-26 20:53:12', '2017-11-26 20:53:12'),
(174, 42, 'Sharon Bailey', 'In voluptas distinctio excepturi voluptatem maiores iure iure. Accusamus sit ut non reprehenderit. Recusandae quos accusamus ut quaerat esse voluptatem.', 2, '2017-11-26 20:53:12', '2017-11-26 20:53:12'),
(175, 2, 'Ted Treutel', 'Qui delectus ipsa eligendi enim suscipit. Ducimus autem et dolor dolores iusto repellendus numquam dolores. Qui libero incidunt rerum voluptas debitis aperiam officiis.', 3, '2017-11-26 20:53:12', '2017-11-26 20:53:12'),
(176, 30, 'Dr. Waino Lowe', 'Harum accusantium temporibus rerum vel. Culpa molestias et quidem delectus reiciendis quo aut. Perspiciatis sed laboriosam cumque ut. Ut est quam iure commodi.', 0, '2017-11-26 20:53:12', '2017-11-26 20:53:12'),
(177, 45, 'Brendan Batz', 'Corporis nulla ut eos. Autem sit ipsa maiores aspernatur ad voluptatem. Dolore omnis nisi ipsam inventore aperiam et similique voluptas. Voluptas adipisci aliquid quia.', 1, '2017-11-26 20:53:12', '2017-11-26 20:53:12'),
(178, 25, 'Carlee Hudson', 'Ipsa et sed aut autem in officia voluptatem commodi. Officia quia rerum tempora doloribus dolore. Quam quis ut iusto minima.', 1, '2017-11-26 20:53:12', '2017-11-26 20:53:12'),
(179, 24, 'Meta Hintz', 'Et aut quis quis iure. Fuga rerum ullam tenetur aperiam esse quae. Numquam iusto voluptas molestiae voluptatem omnis illum.', 1, '2017-11-26 20:53:12', '2017-11-26 20:53:12'),
(180, 39, 'Mack Emmerich', 'Assumenda illum dolores quasi ad dolor dignissimos officia delectus. Voluptatibus deserunt itaque suscipit ratione mollitia odio. Minima consequuntur reiciendis omnis. Sed blanditiis aut vel alias eaque sunt dolor id.', 3, '2017-11-26 20:53:12', '2017-11-26 20:53:12'),
(181, 1, 'Icie Kris', 'Blanditiis aliquid at eaque doloremque corrupti labore est. Debitis temporibus qui fugiat. Enim repellendus ex eum dolores totam amet numquam.', 3, '2017-11-26 20:53:12', '2017-11-26 20:53:12'),
(182, 46, 'Michele Purdy', 'Nobis blanditiis eligendi voluptatibus quia voluptate. Quia saepe eaque qui aut architecto. Quis quia dicta voluptatem enim nisi iste pariatur aut.', 2, '2017-11-26 20:53:12', '2017-11-26 20:53:12'),
(183, 33, 'Miguel Corkery', 'Sint ducimus occaecati aut recusandae. Amet odio est optio debitis et laborum. Esse autem ut animi consequatur aperiam. Quam minus voluptas et exercitationem dignissimos officia.', 2, '2017-11-26 20:53:12', '2017-11-26 20:53:12'),
(184, 10, 'Ali Olson', 'Ut dignissimos fugiat aperiam voluptatem voluptatibus totam quam. Consectetur voluptate animi enim voluptas aliquam minima. Nihil veritatis rerum nihil molestias voluptas.', 4, '2017-11-26 20:53:12', '2017-11-26 20:53:12'),
(185, 20, 'Aditya Cartwright', 'Placeat nemo ea accusamus nam rem repellat. Architecto ut inventore ab eos voluptatem dignissimos. Aspernatur quos consequatur quas porro ducimus deleniti ut repellendus. Nihil molestias minus quia ut nihil.', 4, '2017-11-26 20:53:12', '2017-11-26 20:53:12'),
(186, 6, 'Oceane Stiedemann II', 'Minima asperiores odio iusto dolorum. Dolores recusandae voluptates necessitatibus ut voluptates ullam maxime. Iusto dicta ut temporibus laborum et excepturi et.', 3, '2017-11-26 20:53:12', '2017-11-26 20:53:12'),
(187, 16, 'Justice Barrows', 'Laudantium similique sunt consequatur adipisci et qui error aspernatur. Velit assumenda mollitia vitae fuga accusamus animi. Similique assumenda sunt a et.', 3, '2017-11-26 20:53:12', '2017-11-26 20:53:12'),
(188, 34, 'Ocie Kuhn', 'Enim dolor dolores harum praesentium voluptas. Et et autem ipsum dicta. Non totam unde temporibus.', 0, '2017-11-26 20:53:12', '2017-11-26 20:53:12'),
(189, 49, 'Eusebio Crist', 'Veniam porro recusandae quae quis porro earum. Et aspernatur similique eligendi est. Voluptas corrupti qui tempore perferendis dicta a. Fuga fugit repellendus in corrupti nam quia. Nemo nisi quia unde officiis similique incidunt at.', 3, '2017-11-26 20:53:12', '2017-11-26 20:53:12'),
(190, 44, 'Ron Haley', 'Non voluptates voluptatibus rem officiis quo quia. Quo deserunt sunt natus architecto mollitia.', 2, '2017-11-26 20:53:12', '2017-11-26 20:53:12'),
(191, 42, 'Rita Lakin', 'Qui nihil porro sed. Doloribus sapiente sint ducimus ut non qui. Est et aut eos. Optio qui qui exercitationem ut quaerat sit.', 5, '2017-11-26 20:53:12', '2017-11-26 20:53:12'),
(192, 48, 'Emil Runolfsson', 'Ab adipisci repellendus aut quia sed nemo. Sit earum et aperiam. Asperiores eum sit repellat odio.', 3, '2017-11-26 20:53:12', '2017-11-26 20:53:12'),
(193, 29, 'Lera Botsford', 'Eius iste facere sed id et. Nostrum natus numquam eos ipsa nobis quis ea. Accusamus et temporibus itaque excepturi aut.', 4, '2017-11-26 20:53:12', '2017-11-26 20:53:12'),
(194, 49, 'Ms. Aurore Thompson III', 'Et voluptatibus quia autem eveniet nobis molestiae. Et et rerum aut et. Consequatur velit quis enim ipsa dolor ab quo laboriosam. Est illum voluptatibus minus vel rerum ratione et.', 1, '2017-11-26 20:53:12', '2017-11-26 20:53:12'),
(195, 42, 'Mr. Pete Osinski PhD', 'Odio et vel voluptas quos. Unde sit qui unde. Sint architecto qui quis sapiente nobis. Ullam ipsum suscipit mollitia voluptatem magnam consequuntur.', 5, '2017-11-26 20:53:12', '2017-11-26 20:53:12'),
(196, 35, 'Bulah Gutkowski Sr.', 'Ea ad est et beatae necessitatibus harum non. Aliquid quis consequuntur commodi. Et nesciunt est exercitationem tenetur magni.', 4, '2017-11-26 20:53:12', '2017-11-26 20:53:12'),
(197, 25, 'Mrs. Bette Weimann', 'Commodi sit provident autem. Et sint amet omnis aspernatur.', 2, '2017-11-26 20:53:12', '2017-11-26 20:53:12'),
(198, 41, 'Prof. Quinton Stracke DVM', 'Exercitationem quia quas nemo explicabo. Fugit esse accusamus deserunt ad fugiat perferendis perspiciatis. Quam laudantium voluptas enim distinctio ea blanditiis voluptate culpa.', 0, '2017-11-26 20:53:12', '2017-11-26 20:53:12'),
(199, 30, 'Roselyn Konopelski', 'Sapiente suscipit maiores odio officia provident voluptatem quia. Debitis dolor et rerum molestiae deserunt voluptatem distinctio sed. Sunt beatae ad illum optio sit ea.', 1, '2017-11-26 20:53:12', '2017-11-26 20:53:12'),
(200, 45, 'Loyal Littel', 'Totam architecto cumque nemo velit exercitationem ea velit. Dolores eum voluptatem est veniam. Illum sit quasi aliquam asperiores numquam.', 4, '2017-11-26 20:53:12', '2017-11-26 20:53:12'),
(201, 32, 'Prof. Tillman Stokes', 'Libero numquam minus aperiam voluptas. Est aspernatur tempora dolorem ipsum. Vel et voluptas quia repudiandae nostrum facilis rerum enim. Incidunt quis similique delectus eum neque.', 0, '2017-11-26 20:53:12', '2017-11-26 20:53:12'),
(202, 35, 'Mr. Ian Nicolas', 'Ut quia nesciunt reprehenderit et suscipit ipsum similique. Quia consequatur est sed est aut et est.', 0, '2017-11-26 20:53:12', '2017-11-26 20:53:12'),
(203, 21, 'Frederick Wolff', 'Aut beatae qui dolores et consequatur id. Ipsa labore sit est quae. Et eos aspernatur provident nisi sed sed aut. Et sed autem quos qui.', 4, '2017-11-26 20:53:12', '2017-11-26 20:53:12'),
(204, 21, 'Wilton Kilback', 'Repellendus adipisci et ut. Possimus vero cumque officiis alias velit. Numquam quam fugiat quas aliquid eum qui. Fuga molestiae sed fugiat ex cupiditate consequatur tempore. Iure voluptas praesentium sunt doloribus cumque hic dolorem.', 1, '2017-11-26 20:53:12', '2017-11-26 20:53:12'),
(205, 17, 'Prof. Krystal Wintheiser', 'Dolor culpa rerum dolores est. Voluptatem in architecto labore earum nihil. Quia expedita labore nesciunt unde nihil. Omnis qui rerum et quas sit placeat unde.', 1, '2017-11-26 20:53:12', '2017-11-26 20:53:12'),
(206, 49, 'Imogene Kulas', 'Enim autem ullam et totam assumenda. Rerum accusamus cupiditate nihil ut. Voluptate impedit et in hic atque ad.', 5, '2017-11-26 20:53:12', '2017-11-26 20:53:12'),
(207, 12, 'Jacey Kub', 'Odit sunt eum excepturi assumenda molestiae omnis. Ipsam quo ex voluptatem ut recusandae vitae excepturi. Maiores doloremque vero necessitatibus ex sed qui error omnis. Voluptatem repellendus dolorem est provident quibusdam qui natus.', 1, '2017-11-26 20:53:12', '2017-11-26 20:53:12'),
(208, 7, 'Dwight Bailey', 'Odio accusantium aut fugiat vitae amet. Eveniet ipsam eum ratione sint suscipit qui. Aut hic sit doloremque et distinctio.', 1, '2017-11-26 20:53:12', '2017-11-26 20:53:12'),
(209, 21, 'Melba Goodwin', 'Laudantium consectetur molestias dolores aut. Earum non ea officia recusandae at deserunt. Amet culpa eos esse dolor atque esse.', 3, '2017-11-26 20:53:12', '2017-11-26 20:53:12'),
(210, 19, 'Evan Kuhn IV', 'Possimus sunt mollitia porro vitae aliquid. Voluptatem autem non distinctio. Similique laboriosam aut repudiandae et ab et.', 0, '2017-11-26 20:53:12', '2017-11-26 20:53:12');
INSERT INTO `reviews` (`id`, `product_id`, `customer`, `review`, `star`, `created_at`, `updated_at`) VALUES
(211, 14, 'Arnaldo Dietrich', 'Perferendis ex exercitationem a consequatur expedita et error. Ab voluptas et aut totam. Nihil corrupti nihil corrupti ut ducimus.', 2, '2017-11-26 20:53:12', '2017-11-26 20:53:12'),
(212, 18, 'Maiya Watsica', 'Laborum ipsum ipsam officiis dolores ut excepturi voluptas autem. Illum illum atque reprehenderit tempora et quia. Iste perferendis ullam reprehenderit amet aut aspernatur. Aut voluptatem quis perferendis est ab at ipsum.', 2, '2017-11-26 20:53:12', '2017-11-26 20:53:12'),
(213, 31, 'Colin Kuhlman', 'Ut ratione tempora enim aliquam. Molestiae doloribus consequatur ipsam repudiandae ullam ut ut. Et labore voluptas corporis.', 5, '2017-11-26 20:53:12', '2017-11-26 20:53:12'),
(214, 15, 'Dr. Glen Dach', 'Et vero ab tenetur dolorum. Quia rerum cumque libero aspernatur. Quibusdam perferendis est aut magnam ut rem. Fugiat vero eos reiciendis pariatur. Tempore atque sapiente exercitationem asperiores est fugiat beatae.', 5, '2017-11-26 20:53:12', '2017-11-26 20:53:12'),
(215, 15, 'Sven Schiller', 'Eos ipsam error maiores distinctio cum ipsum. Officia et consequatur aut consequatur sed blanditiis excepturi. Placeat aut molestias ut aut. Est asperiores enim accusantium aperiam et fugiat.', 0, '2017-11-26 20:53:12', '2017-11-26 20:53:12'),
(216, 15, 'Everette Williamson', 'Placeat excepturi iste voluptatibus consequuntur. Molestiae sed similique ullam magni et.', 3, '2017-11-26 20:53:12', '2017-11-26 20:53:12'),
(217, 9, 'Britney Stark', 'Maiores et molestiae incidunt et qui impedit culpa. Dolorum est consequatur deleniti nemo voluptatem non possimus. Vel delectus ea id et dicta placeat.', 4, '2017-11-26 20:53:12', '2017-11-26 20:53:12'),
(218, 19, 'Miss Savannah Glover PhD', 'Mollitia cupiditate quia vero eos sed. Nobis modi delectus dolores enim dolor enim. Est et saepe nihil non. Pariatur quo dolor aut dolor quia. Magni omnis asperiores nihil placeat aliquid expedita.', 1, '2017-11-26 20:53:12', '2017-11-26 20:53:12'),
(219, 23, 'Claire Gerlach', 'Error at sit asperiores. Ut quia beatae nihil et fugiat. Quos quia eos et voluptas mollitia explicabo molestiae.', 5, '2017-11-26 20:53:12', '2017-11-26 20:53:12'),
(220, 6, 'Ms. Natasha Bergnaum DDS', 'Ut voluptatem amet ipsam. Possimus sed natus fuga neque vel quaerat voluptatem. Repellat natus maxime voluptatum excepturi sit ut doloribus.', 3, '2017-11-26 20:53:12', '2017-11-26 20:53:12'),
(221, 42, 'Damon Adams', 'Aut rerum fuga quaerat illo sunt. Quo fugit ea pariatur autem.', 4, '2017-11-26 20:53:12', '2017-11-26 20:53:12'),
(222, 32, 'Francesca Graham', 'Sed molestiae numquam perferendis iste quos. Id delectus voluptas pariatur et repellat et sapiente. Autem quod voluptatibus unde. Libero laborum illum rerum reiciendis quidem porro maiores. Dolorem vero ut natus animi quia eligendi cumque.', 1, '2017-11-26 20:53:12', '2017-11-26 20:53:12'),
(223, 47, 'Prof. Noelia Braun Sr.', 'Officia corrupti molestias iste expedita rerum sint voluptate. Nulla ut et nostrum modi. Rerum quos voluptates deserunt accusantium.', 5, '2017-11-26 20:53:12', '2017-11-26 20:53:12'),
(224, 12, 'Abigail Farrell', 'Dicta earum nam adipisci incidunt sit. Esse aut hic delectus voluptatem impedit. Qui omnis et quia cumque placeat. Velit officia tempora recusandae similique.', 4, '2017-11-26 20:53:12', '2017-11-26 20:53:12'),
(225, 42, 'Dana O\'Connell', 'Quisquam enim adipisci aut quo sed odio laborum. Asperiores ipsa cumque consequatur sunt debitis. Quisquam iste at in id quia.', 5, '2017-11-26 20:53:12', '2017-11-26 20:53:12'),
(226, 27, 'Ferne Hauck', 'Voluptatem repudiandae et ullam molestiae quia. Consequuntur et enim placeat optio. Quo voluptas suscipit tempora et.', 1, '2017-11-26 20:53:12', '2017-11-26 20:53:12'),
(227, 6, 'Wilma Graham', 'Maxime consequatur sed maxime blanditiis consequuntur excepturi. Voluptate accusamus vel possimus odio omnis voluptatem recusandae. Officia porro qui ut.', 0, '2017-11-26 20:53:12', '2017-11-26 20:53:12'),
(228, 6, 'Mallory Dare DVM', 'Eveniet reprehenderit repellat officiis omnis. Voluptatem et at id libero sit. Quis ut est nihil.', 1, '2017-11-26 20:53:12', '2017-11-26 20:53:12'),
(229, 16, 'Prof. Judd Schneider PhD', 'Corporis pariatur officiis placeat. Cum et ea cumque dicta. Aliquid qui ea est at soluta in.', 0, '2017-11-26 20:53:12', '2017-11-26 20:53:12'),
(230, 28, 'Alize Schinner', 'Quae doloribus illo nihil est. Et est vero pariatur laudantium assumenda. Sapiente consequatur impedit repudiandae eum quasi. Dolorem voluptas a est reprehenderit. Voluptatem ratione vel quisquam asperiores iste saepe.', 4, '2017-11-26 20:53:12', '2017-11-26 20:53:12'),
(231, 11, 'Madie Weimann', 'Quod velit itaque qui quasi nihil aut aut. Eaque nisi eum aut dolorem quae rerum assumenda. Reprehenderit libero est ab et. Qui officiis autem sunt quisquam quae quas harum.', 1, '2017-11-26 20:53:12', '2017-11-26 20:53:12'),
(232, 38, 'Mr. Matteo Lemke II', 'Expedita voluptatum perferendis et excepturi est ut et. Consequatur quod repellat recusandae praesentium assumenda. Officia nam animi velit aut. Id distinctio repellat expedita ratione.', 0, '2017-11-26 20:53:12', '2017-11-26 20:53:12'),
(233, 47, 'Marley Hauck MD', 'Quas laudantium a voluptatibus iusto quia omnis. Temporibus atque unde et repellat et provident. Voluptas adipisci veniam ea consequatur dolorem.', 4, '2017-11-26 20:53:12', '2017-11-26 20:53:12'),
(234, 29, 'Prof. Simeon Cummerata', 'Ut ullam tempore ratione veritatis ducimus culpa. Rerum vel maiores beatae pariatur rem voluptas. Et numquam odio ut fugiat. Necessitatibus et ea quia et porro.', 3, '2017-11-26 20:53:12', '2017-11-26 20:53:12'),
(235, 25, 'Zora Champlin', 'Consequatur ipsam neque itaque quia qui qui ullam. Possimus accusantium pariatur et id officiis sed. Voluptatem consequatur quam quidem quia deserunt. Distinctio et dolor quos sunt libero quia qui. Ex tempora dolore natus labore et occaecati quidem.', 3, '2017-11-26 20:53:12', '2017-11-26 20:53:12'),
(236, 31, 'Dr. Arnold Ryan DVM', 'Qui quo reprehenderit labore quis molestiae nisi. Veritatis amet deserunt nihil nulla. Qui commodi quaerat impedit. Sint optio voluptatibus in quasi aut.', 3, '2017-11-26 20:53:12', '2017-11-26 20:53:12'),
(237, 20, 'Leonie Gutmann', 'Cum sapiente reiciendis omnis dolorem eum recusandae. Veritatis aut id eaque deserunt ea corporis qui est. Aut omnis facilis in reprehenderit pariatur.', 4, '2017-11-26 20:53:12', '2017-11-26 20:53:12'),
(238, 23, 'Odie Dach', 'Dolorum velit voluptates quia ex. Eaque beatae veritatis ad aliquid. Quia illum nesciunt deserunt beatae est ratione excepturi. Earum sunt repudiandae laborum quam.', 5, '2017-11-26 20:53:12', '2017-11-26 20:53:12'),
(239, 45, 'Evangeline Hermiston', 'Odit deserunt ut voluptates praesentium accusantium culpa. Debitis laborum eum veritatis saepe. Nihil libero ad impedit dicta molestiae vero.', 3, '2017-11-26 20:53:12', '2017-11-26 20:53:12'),
(240, 50, 'Ken Konopelski', 'Odio corporis dignissimos beatae consequatur est et earum. Nemo voluptate nihil explicabo deserunt. Ab optio molestias voluptatum architecto aut.', 4, '2017-11-26 20:53:12', '2017-11-26 20:53:12'),
(241, 34, 'Shaylee Fisher', 'Eaque consequatur repellendus non eveniet voluptatem. Sit unde molestias aut nihil. Delectus velit cum omnis.', 0, '2017-11-26 20:53:12', '2017-11-26 20:53:12'),
(242, 15, 'David Mayer', 'Dolor atque dicta ipsa officia. Nisi magni ipsa veritatis dolores. Sit ea ea nam facilis itaque aliquid. Non dolores nisi ipsam ullam porro voluptas. Eveniet harum laudantium et ab.', 0, '2017-11-26 20:53:12', '2017-11-26 20:53:12'),
(243, 22, 'Ms. Sincere Becker II', 'Consequatur qui aliquid non dolorem sint. Sed repudiandae quis quia libero quidem. Possimus totam ea libero enim inventore beatae ut. Laudantium est veniam dolore.', 3, '2017-11-26 20:53:12', '2017-11-26 20:53:12'),
(244, 2, 'Zora Waelchi', 'Reprehenderit culpa eos aut et adipisci suscipit. Ut velit nihil consequatur sed sunt consequuntur. Error facere libero laborum quam sunt qui porro.', 5, '2017-11-26 20:53:12', '2017-11-26 20:53:12'),
(245, 4, 'Florencio Schumm', 'Aut excepturi a sed doloremque. Beatae modi similique deleniti quas eius odio omnis inventore. Doloremque adipisci voluptas quis repudiandae.', 0, '2017-11-26 20:53:12', '2017-11-26 20:53:12'),
(246, 13, 'Prof. Wyatt Waelchi', 'Eligendi qui quasi odio quibusdam. Et id veniam doloremque in blanditiis veniam eos. Molestiae sint placeat totam quia et aut. Suscipit quod velit ab ullam.', 2, '2017-11-26 20:53:12', '2017-11-26 20:53:12'),
(247, 25, 'Prof. Chloe Kovacek', 'At fugiat fugiat quasi soluta quos. Nesciunt quasi sed fuga ut fuga assumenda. Omnis blanditiis perspiciatis beatae quos est facere. Harum eveniet labore maxime aspernatur dolorum maiores suscipit.', 2, '2017-11-26 20:53:12', '2017-11-26 20:53:12'),
(248, 7, 'Salvador McDermott', 'Odit corrupti fugiat et in quia et amet voluptas. Porro aut eveniet laborum velit. Est aperiam dolorum ut architecto. Ullam vitae illum voluptas ipsam. Corrupti eum nostrum voluptatem ea.', 1, '2017-11-26 20:53:12', '2017-11-26 20:53:12'),
(249, 22, 'Autumn West', 'Et dolor odit omnis suscipit fugit quis. Temporibus ut quaerat id itaque ut nisi. Qui ex a impedit corrupti debitis.', 0, '2017-11-26 20:53:12', '2017-11-26 20:53:12'),
(250, 6, 'Raheem Hickle', 'Ullam voluptatibus quia qui adipisci. Atque ullam quasi at consequatur laboriosam doloribus. Excepturi est animi et velit harum labore. Soluta quis tempora saepe sed tenetur.', 0, '2017-11-26 20:53:12', '2017-11-26 20:53:12'),
(251, 39, 'Katarina Carter', 'Cum omnis nihil distinctio est omnis velit. Quia quas voluptatem dicta suscipit. Quasi impedit optio deleniti distinctio dolor omnis non.', 3, '2017-11-26 20:53:12', '2017-11-26 20:53:12'),
(252, 9, 'Prof. Rory Will', 'Sed vero inventore sequi. Ullam eum eius animi necessitatibus et iure. Quo rerum asperiores praesentium adipisci voluptate et similique vitae. Quidem molestiae ut asperiores expedita ut voluptas magni.', 5, '2017-11-26 20:53:12', '2017-11-26 20:53:12'),
(253, 43, 'Abagail Walker', 'Vel aut quo ea ratione nobis aspernatur. Alias quis perspiciatis molestias ut vel accusantium magnam quia. Officia ipsam cum eos illo deleniti. Ullam sequi voluptatibus et atque beatae hic tenetur ut.', 5, '2017-11-26 20:53:12', '2017-11-26 20:53:12'),
(254, 10, 'Therese Hessel', 'Sint ut minus adipisci fugiat. Reprehenderit et consequatur quam ipsam sint. Non quos voluptatum soluta ipsa.', 3, '2017-11-26 20:53:12', '2017-11-26 20:53:12'),
(255, 6, 'Leslie Sipes', 'Debitis consequatur aut eveniet eaque totam rerum velit. Fugit provident dolor veniam qui qui. Rem error illo harum sunt fugiat. Est modi laboriosam inventore provident et voluptas.', 4, '2017-11-26 20:53:12', '2017-11-26 20:53:12'),
(256, 42, 'Garrett Rogahn', 'Quis quae exercitationem possimus sint neque voluptatem et. Quisquam voluptatem eum modi culpa. Magnam tenetur et qui dolor aspernatur.', 0, '2017-11-26 20:53:12', '2017-11-26 20:53:12'),
(257, 30, 'Ms. Flavie Robel MD', 'Consequuntur et ea voluptas tempore sint quibusdam fugit. Harum asperiores voluptas non.', 1, '2017-11-26 20:53:12', '2017-11-26 20:53:12'),
(258, 3, 'Prof. Adelia Turner III', 'Id ut alias quos omnis architecto reiciendis consequatur. Dolorum exercitationem quia consequatur qui. Nulla laboriosam aut tenetur sint.', 2, '2017-11-26 20:53:12', '2017-11-26 20:53:12'),
(259, 7, 'Dr. Devon Runte', 'Id officia impedit quas minus. Vitae molestias illum tenetur non sit. Laboriosam beatae eum eius ut itaque. Eum voluptatem et nulla. Pariatur voluptatum sapiente eligendi possimus voluptas.', 5, '2017-11-26 20:53:12', '2017-11-26 20:53:12'),
(260, 8, 'Evalyn Kuhlman', 'Architecto commodi atque culpa beatae. Quaerat sapiente doloribus qui quod aut dolorem itaque. Id et rerum fuga assumenda porro temporibus assumenda.', 0, '2017-11-26 20:53:12', '2017-11-26 20:53:12'),
(261, 3, 'Marvin Schmeler', 'Magni quia ut sit dignissimos. Eius quod sit corrupti ut laudantium alias.', 1, '2017-11-26 20:53:12', '2017-11-26 20:53:12'),
(262, 24, 'Katlynn Lind', 'Id error iste quod est est. Iure quia et voluptates voluptatem impedit sit ex. Eos dolorum quo a temporibus. Sit quasi modi aut eos delectus ea doloremque.', 0, '2017-11-26 20:53:12', '2017-11-26 20:53:12'),
(263, 21, 'Gerardo Kutch', 'Voluptas officiis et dolorum laborum nam magni dicta. Veritatis porro ipsum quod est eum voluptatibus quisquam. Doloribus nobis alias ea quae. Quia voluptatibus aut aspernatur non quia.', 3, '2017-11-26 20:53:12', '2017-11-26 20:53:12'),
(264, 30, 'Ward Gislason', 'Laborum atque consequuntur est exercitationem aut at. Nam cumque quia velit harum. Sunt non sint doloribus animi consequatur quisquam laborum et. Quaerat sit nesciunt debitis tenetur et laudantium ipsa.', 1, '2017-11-26 20:53:12', '2017-11-26 20:53:12'),
(265, 5, 'Ms. Anabel Reilly II', 'Tenetur corporis error rem. Quisquam quod consequatur sit enim atque occaecati. Repudiandae vero mollitia fugiat.', 0, '2017-11-26 20:53:12', '2017-11-26 20:53:12'),
(266, 11, 'Thad Powlowski DVM', 'Delectus at dignissimos dolor non aut dolor impedit. Et dolor tenetur ipsa nesciunt. Quam quidem cupiditate dolor odit excepturi. In modi est cupiditate est.', 3, '2017-11-26 20:53:12', '2017-11-26 20:53:12'),
(267, 40, 'Hipolito Boyle III', 'Magnam aliquid ab neque voluptatibus adipisci excepturi quia. Molestiae consequatur quis vitae. Sed facilis temporibus blanditiis et eveniet.', 1, '2017-11-26 20:53:12', '2017-11-26 20:53:12'),
(268, 33, 'Eleanora Bartell DVM', 'Expedita recusandae quae explicabo atque. Vero exercitationem dolorem atque nisi est earum. Ea rerum et non minima qui reiciendis qui. Eum dolores quia quos maiores praesentium in ea est.', 0, '2017-11-26 20:53:12', '2017-11-26 20:53:12'),
(269, 31, 'Dario Bode', 'Omnis quia atque a rem. Earum praesentium hic debitis voluptatem minus. Aliquid ad voluptatem iusto ipsa dolor.', 1, '2017-11-26 20:53:12', '2017-11-26 20:53:12'),
(270, 2, 'Madyson Schamberger', 'Natus eum commodi ab asperiores excepturi laborum. Voluptas dolorem quae iusto nulla cupiditate eos eos. Sequi voluptatem tempora alias aut sed ut dolorem.', 3, '2017-11-26 20:53:12', '2017-11-26 20:53:12'),
(271, 1, 'Hope Stracke DDS', 'Atque odit ad corporis expedita. Officiis eligendi officiis esse libero iure. Excepturi officiis et praesentium quis ipsum officia. Tempora rerum nobis ratione praesentium officia.', 0, '2017-11-26 20:53:12', '2017-11-26 20:53:12'),
(272, 15, 'Eliezer Wyman', 'Beatae quis sunt fuga qui qui laboriosam voluptate. Est totam voluptatem sit autem aperiam debitis.', 1, '2017-11-26 20:53:12', '2017-11-26 20:53:12'),
(273, 43, 'Gwendolyn Stehr III', 'Fuga corporis eius reprehenderit dolores nisi enim laborum porro. Adipisci et ab voluptas vero exercitationem. Quam ea accusantium id cupiditate qui.', 1, '2017-11-26 20:53:12', '2017-11-26 20:53:12'),
(274, 18, 'Easton Kemmer', 'Ut tenetur qui similique. Quae adipisci ipsum nisi. Non labore placeat illo consequuntur est quae provident. Qui accusantium ea suscipit alias numquam. Saepe illum qui ut nihil.', 1, '2017-11-26 20:53:12', '2017-11-26 20:53:12'),
(275, 5, 'Jany Rodriguez', 'Non molestiae et non. Eos laborum dignissimos reiciendis omnis voluptates ab aut.', 2, '2017-11-26 20:53:12', '2017-11-26 20:53:12'),
(276, 31, 'Theresia Runolfsson', 'Libero natus sunt architecto omnis. Sed doloremque amet sed eos in laborum soluta pariatur. Nesciunt ea voluptatem reiciendis unde.', 2, '2017-11-26 20:53:12', '2017-11-26 20:53:12'),
(277, 29, 'Allan Spinka', 'Et praesentium doloribus dolorem autem eligendi rerum. Eos consequatur autem quo libero qui voluptates maiores. Rerum ea earum adipisci autem consectetur sint.', 2, '2017-11-26 20:53:12', '2017-11-26 20:53:12'),
(278, 35, 'Prof. Dejuan Frami', 'Sequi hic adipisci aut nam rem non. Qui earum quaerat aut similique exercitationem rerum eum. Quo consequatur molestias aut.', 4, '2017-11-26 20:53:12', '2017-11-26 20:53:12'),
(279, 4, 'Miss Lynn Bruen', 'Ab placeat inventore necessitatibus ut quia. Consequatur sit et consectetur id consectetur voluptatem ex. Dignissimos sint sit autem impedit voluptas minus.', 1, '2017-11-26 20:53:12', '2017-11-26 20:53:12'),
(280, 28, 'Sallie McKenzie', 'Autem ut nisi ad soluta. Odio voluptatem nihil odit sunt consequatur voluptas. Corporis eum omnis et et perspiciatis quia sint necessitatibus. Dolorum id dolor sint est quas soluta voluptatem autem.', 2, '2017-11-26 20:53:12', '2017-11-26 20:53:12'),
(281, 27, 'Gia Hilpert', 'Fugit quidem debitis ratione quidem et eum et est. Voluptates maxime impedit aut delectus quis reprehenderit libero. Soluta est sit non fugiat vel sit doloremque quidem.', 0, '2017-11-26 20:53:12', '2017-11-26 20:53:12'),
(282, 29, 'Myrtis Carroll MD', 'A neque deleniti quo fugiat voluptate aliquid velit. Minima tenetur consequatur atque maiores nostrum veritatis laudantium doloribus.', 5, '2017-11-26 20:53:12', '2017-11-26 20:53:12'),
(283, 41, 'Zelda Welch', 'Impedit error in quos voluptas aperiam. Dolorum quo et eum repudiandae et. Nesciunt deserunt nostrum vero recusandae. Nesciunt non numquam nihil et magni ut iste.', 3, '2017-11-26 20:53:12', '2017-11-26 20:53:12'),
(284, 37, 'Mr. Trent Casper', 'Voluptatem odit ut fugiat. Ut rerum soluta temporibus. Impedit recusandae est tempore. Et quia temporibus id ipsam suscipit natus.', 2, '2017-11-26 20:53:12', '2017-11-26 20:53:12'),
(285, 1, 'Alison Toy', 'Est voluptates ut impedit porro. Temporibus qui culpa explicabo soluta occaecati. Tempore at repellat enim. Consequatur fuga dignissimos molestias labore.', 1, '2017-11-26 20:53:12', '2017-11-26 20:53:12'),
(286, 45, 'Aniyah Koss', 'Nulla laudantium occaecati quo aperiam numquam est. Aspernatur id blanditiis et nihil. Autem praesentium nihil fugiat ipsum asperiores ut natus. Ea quia rem asperiores veniam accusamus quidem explicabo sequi.', 2, '2017-11-26 20:53:12', '2017-11-26 20:53:12'),
(287, 44, 'Milo Gutkowski', 'Eaque omnis fuga non minus qui quasi. Sit sunt sit ipsa quis rem.', 3, '2017-11-26 20:53:12', '2017-11-26 20:53:12'),
(288, 46, 'Keira Wolff', 'Neque accusamus dolores quo quaerat libero qui odio. Architecto quia et ipsum aliquam atque repudiandae non unde. Quaerat et nihil sit error ullam quia. Aut veritatis dolor et est qui.', 4, '2017-11-26 20:53:12', '2017-11-26 20:53:12'),
(289, 20, 'Anais Kshlerin', 'Vel similique vero praesentium quia. Nihil dolores veritatis earum impedit odit. Enim aliquam aperiam cum.', 3, '2017-11-26 20:53:12', '2017-11-26 20:53:12'),
(290, 27, 'Dr. Gail Jaskolski II', 'Quasi cum et laboriosam voluptatem quia. Corporis ut officiis et eligendi corrupti officia dolor. Hic occaecati amet dolor qui quia omnis.', 3, '2017-11-26 20:53:12', '2017-11-26 20:53:12'),
(291, 30, 'Prof. Madaline Fay DDS', 'Enim qui error numquam voluptatem ut. Ad quas numquam nisi fugiat et. Officiis beatae qui nihil aut.', 5, '2017-11-26 20:53:12', '2017-11-26 20:53:12'),
(292, 14, 'Zander Mayer', 'Officia nesciunt eius libero vel optio. Quo rerum rerum soluta velit omnis quia veritatis. Aspernatur dolorem mollitia alias ipsa nihil quidem. Adipisci accusamus esse et excepturi rerum vero perspiciatis.', 3, '2017-11-26 20:53:12', '2017-11-26 20:53:12'),
(293, 40, 'Dr. Robert Gislason', 'Aperiam odio fugit modi voluptas praesentium. Voluptas aut unde fugiat voluptas. Ut itaque ex laborum quo nostrum non officiis saepe.', 2, '2017-11-26 20:53:12', '2017-11-26 20:53:12'),
(294, 32, 'Miss Evelyn Moore Jr.', 'Provident est tempore voluptatum autem ut. Impedit voluptas iure aspernatur enim provident voluptas. Ipsam in repellendus quidem quae.', 1, '2017-11-26 20:53:12', '2017-11-26 20:53:12'),
(295, 24, 'Barry Watsica', 'Eveniet tenetur reiciendis voluptas ab et maiores. Temporibus commodi facilis numquam eos. Necessitatibus et explicabo deleniti harum.', 4, '2017-11-26 20:53:12', '2017-11-26 20:53:12'),
(296, 21, 'Miss Amira Mraz', 'Quibusdam saepe ex ea consequatur voluptas rerum atque. Et fuga deleniti beatae quis eligendi et facilis architecto. Quibusdam molestias eos sit rerum doloremque nostrum. Et molestiae neque dolores nulla.', 4, '2017-11-26 20:53:12', '2017-11-26 20:53:12'),
(297, 2, 'Dr. Alaina Prohaska II', 'Sunt illum temporibus adipisci ipsam et. Voluptas porro magnam reprehenderit est sunt aliquid ducimus. Fugiat praesentium ratione dolores deleniti amet repellendus.', 3, '2017-11-26 20:53:12', '2017-11-26 20:53:12'),
(298, 46, 'Kathleen Harris', 'Sint voluptatum soluta voluptate cumque explicabo dolore qui. Ipsa voluptatem officia consectetur. Placeat molestiae sed reprehenderit eum eveniet. Eum dolorem ut asperiores eius rerum dolores.', 0, '2017-11-26 20:53:12', '2017-11-26 20:53:12'),
(299, 50, 'Kyla Rath', 'Mollitia ut nisi aut et. Architecto laborum enim ratione ab. Mollitia et voluptatibus ut odio. Nihil incidunt autem et itaque.', 2, '2017-11-26 20:53:12', '2017-11-26 20:53:12'),
(300, 15, 'Bella Hettinger DVM', 'Facilis animi distinctio laboriosam ut vel nihil. Accusantium odit velit repellendus et quis debitis. Repudiandae aspernatur voluptates illo repudiandae tempora rerum sit perspiciatis.', 1, '2017-11-26 20:53:12', '2017-11-26 20:53:12');

-- --------------------------------------------------------

--
-- Table structure for table `users`
--

CREATE TABLE `users` (
  `id` int(10) UNSIGNED NOT NULL,
  `name` varchar(191) COLLATE utf8mb4_unicode_ci NOT NULL,
  `email` varchar(191) COLLATE utf8mb4_unicode_ci NOT NULL,
  `password` varchar(191) COLLATE utf8mb4_unicode_ci NOT NULL,
  `remember_token` varchar(100) COLLATE utf8mb4_unicode_ci DEFAULT NULL,
  `created_at` timestamp NULL DEFAULT NULL,
  `updated_at` timestamp NULL DEFAULT NULL
) ENGINE=InnoDB DEFAULT CHARSET=utf8mb4 COLLATE=utf8mb4_unicode_ci;

--
-- Indexes for dumped tables
--

--
-- Indexes for table `migrations`
--
ALTER TABLE `migrations`
  ADD PRIMARY KEY (`id`);

--
-- Indexes for table `password_resets`
--
ALTER TABLE `password_resets`
  ADD KEY `password_resets_email_index` (`email`);

--
-- Indexes for table `products`
--
ALTER TABLE `products`
  ADD PRIMARY KEY (`id`);

--
-- Indexes for table `reviews`
--
ALTER TABLE `reviews`
  ADD PRIMARY KEY (`id`),
  ADD KEY `reviews_product_id_index` (`product_id`);

--
-- Indexes for table `users`
--
ALTER TABLE `users`
  ADD PRIMARY KEY (`id`),
  ADD UNIQUE KEY `users_email_unique` (`email`);

--
-- AUTO_INCREMENT for dumped tables
--

--
-- AUTO_INCREMENT for table `migrations`
--
ALTER TABLE `migrations`
  MODIFY `id` int(10) UNSIGNED NOT NULL AUTO_INCREMENT, AUTO_INCREMENT=5;

--
-- AUTO_INCREMENT for table `products`
--
ALTER TABLE `products`
  MODIFY `id` int(10) UNSIGNED NOT NULL AUTO_INCREMENT, AUTO_INCREMENT=51;

--
-- AUTO_INCREMENT for table `reviews`
--
ALTER TABLE `reviews`
  MODIFY `id` int(10) UNSIGNED NOT NULL AUTO_INCREMENT, AUTO_INCREMENT=301;

--
-- AUTO_INCREMENT for table `users`
--
ALTER TABLE `users`
  MODIFY `id` int(10) UNSIGNED NOT NULL AUTO_INCREMENT;

--
-- Constraints for dumped tables
--

--
-- Constraints for table `reviews`
--
ALTER TABLE `reviews`
  ADD CONSTRAINT `reviews_product_id_foreign` FOREIGN KEY (`product_id`) REFERENCES `products` (`id`) ON DELETE CASCADE;
COMMIT;

/*!40101 SET CHARACTER_SET_CLIENT=@OLD_CHARACTER_SET_CLIENT */;
/*!40101 SET CHARACTER_SET_RESULTS=@OLD_CHARACTER_SET_RESULTS */;
/*!40101 SET COLLATION_CONNECTION=@OLD_COLLATION_CONNECTION */;
